<Anims>
 <anim name="close_1" root="nightmare_crack_upper_tomb" numframes="400" framerate="40">
  <frame idx="0" w="500" h="103" x="-12.884613" y="4.767700">
   <element name="crack" layername="crack" frame="2" z_index="19" m_a="0.987625" m_b="0.000000" m_c="0.000000" m_d="0.820465" m_tx="10.800000" m_ty="18.799999"/>
   <element name="fill" layername="fill" frame="1" z_index="20" m_a="0.987625" m_b="0.000000" m_c="0.000000" m_d="0.820465" m_tx="13.500000" m_ty="18.100000"/>
  </frame>
  <frame idx="25" w="482" h="110" x="6.076797" y="9.011490">
   <element name="crack" layername="crack" frame="2" z_index="19" m_a="0.993684" m_b="0.000000" m_c="0.000000" m_d="0.908472" m_tx="28.410294" m_ty="17.807354"/>
   <element name="fill" layername="fill" frame="1" z_index="20" m_a="0.993684" m_b="0.000000" m_c="0.000000" m_d="0.908472" m_tx="31.073530" m_ty="17.033823"/>
  </frame>
  <frame idx="50" w="487" h="106" x="-0.022964" y="6.329639">
   <element name="crack" layername="crack" frame="2" z_index="19" m_a="0.989865" m_b="0.000000" m_c="0.000000" m_d="0.853108" m_tx="23.162121" m_ty="18.419697"/>
   <element name="fill" layername="fill" frame="1" z_index="20" m_a="0.989865" m_b="0.000000" m_c="0.000000" m_d="0.853108" m_tx="25.787880" m_ty="17.716667"/>
  </frame>
  <frame idx="75" w="497" h="101" x="-10.897522" y="3.268211">
   <element name="crack" layername="crack" frame="2" z_index="19" m_a="0.985495" m_b="0.000000" m_c="0.000000" m_d="0.789636" m_tx="13.262121" m_ty="19.134850"/>
   <element name="fill" layername="fill" frame="1" z_index="20" m_a="0.985495" m_b="0.000000" m_c="0.000000" m_d="0.789636" m_tx="15.874243" m_ty="18.498486"/>
  </frame>
  <frame idx="100" w="490" h="108" x="-1.962494" y="7.678478">
   <element name="crack" layername="crack" frame="2" z_index="19" m_a="0.991760" m_b="0.000000" m_c="0.000000" m_d="0.880310" m_tx="20.799999" m_ty="18.150000"/>
   <element name="fill" layername="fill" frame="1" z_index="20" m_a="0.991760" m_b="0.000000" m_c="0.000000" m_d="0.880310" m_tx="23.450001" m_ty="17.400000"/>
  </frame>
  <frame idx="125" w="495" h="97" x="-11.312744" y="1.331177">
   <element name="crack" layername="crack" frame="2" z_index="19" m_a="0.982639" m_b="0.000000" m_c="0.000000" m_d="0.748299" m_tx="13.483824" m_ty="19.657352"/>
   <element name="fill" layername="fill" frame="1" z_index="20" m_a="0.982639" m_b="0.000000" m_c="0.000000" m_d="0.748299" m_tx="16.133823" m_ty="18.980881"/>
  </frame>
  <frame idx="150" w="476" h="109" x="11.405014" y="8.280022">
   <element name="crack" layername="crack" frame="2" z_index="19" m_a="0.991983" m_b="0.000000" m_c="0.000000" m_d="0.895265" m_tx="34.117828" m_ty="17.861736"/>
   <element name="fill" layername="fill" frame="1" z_index="20" m_a="0.991983" m_b="0.000000" m_c="0.000000" m_d="0.895265" m_tx="38.218910" m_ty="17.121395"/>
  </frame>
  <frame idx="175" w="400" h="83" x="17.098862" y="21.226641">
   <element name="crack" layername="crack" frame="1" z_index="19" m_a="1.005182" m_b="0.000000" m_c="0.000000" m_d="1.097794" m_tx="55.119644" m_ty="15.197645"/>
   <element name="fill" layername="fill" frame="0" z_index="20" m_a="1.005182" m_b="0.000000" m_c="0.000000" m_d="1.097794" m_tx="60.186565" m_ty="14.118637"/>
  </frame>
  <frame idx="200" w="401" h="84" x="16.311584" y="18.486563">
   <element name="crack" layername="crack" frame="1" z_index="19" m_a="1.004500" m_b="0.000000" m_c="0.000000" m_d="1.084930" m_tx="54.461205" m_ty="13.017134"/>
   <element name="fill" layername="fill" frame="0" z_index="20" m_a="1.004500" m_b="0.000000" m_c="0.000000" m_d="1.084930" m_tx="59.526558" m_ty="11.940808"/>
  </frame>
  <frame idx="225" w="409" h="83" x="8.100021" y="16.353107">
   <element name="crack" layername="crack" frame="1" z_index="19" m_a="1.002515" m_b="0.000000" m_c="0.000000" m_d="1.047459" m_tx="46.624870" m_ty="12.513650"/>
   <element name="fill" layername="fill" frame="0" z_index="20" m_a="1.002515" m_b="0.000000" m_c="0.000000" m_d="1.047459" m_tx="51.648880" m_ty="11.445141"/>
  </frame>
  <frame idx="250" w="411" h="83" x="6.617416" y="16.369209">
   <element name="crack" layername="crack" frame="1" z_index="19" m_a="1.002236" m_b="0.000000" m_c="0.000000" m_d="1.042208" m_tx="45.194885" m_ty="12.758204"/>
   <element name="fill" layername="fill" frame="0" z_index="20" m_a="1.002236" m_b="0.000000" m_c="0.000000" m_d="1.042208" m_tx="50.229263" m_ty="11.715033"/>
  </frame>
  <frame idx="275" w="411" h="83" x="6.697403" y="16.406094">
   <element name="crack" layername="crack" frame="1" z_index="19" m_a="1.002264" m_b="0.000000" m_c="0.000000" m_d="1.042722" m_tx="45.269707" m_ty="12.772696"/>
   <element name="fill" layername="fill" frame="0" z_index="20" m_a="1.002264" m_b="0.000000" m_c="0.000000" m_d="1.042722" m_tx="50.329906" m_ty="11.755177"/>
  </frame>
  <frame idx="300" w="415" h="83" x="2.054611" y="13.917767">
   <element name="crack" layername="crack" frame="1" z_index="19" m_a="1.000900" m_b="0.000000" m_c="0.000000" m_d="1.016980" m_tx="40.884651" m_ty="11.404161"/>
   <element name="fill" layername="fill" frame="0" z_index="20" m_a="1.000900" m_b="0.000000" m_c="0.000000" m_d="1.016980" m_tx="45.941704" m_ty="10.392011"/>
  </frame>
  <frame idx="325" w="409" h="86" x="8.795593" y="14.580921">
   <element name="crack" layername="crack" frame="1" z_index="19" m_a="1.002885" m_b="0.000000" m_c="0.000000" m_d="1.054458" m_tx="47.250397" m_ty="10.437027"/>
   <element name="fill" layername="fill" frame="0" z_index="20" m_a="1.002885" m_b="0.000000" m_c="0.000000" m_d="1.054458" m_tx="52.312027" m_ty="9.417059"/>
  </frame>
  <frame idx="350" w="412" h="85" x="5.303802" y="13.598423">
   <element name="crack" layername="crack" frame="1" z_index="19" m_a="1.001855" m_b="0.000000" m_c="0.000000" m_d="1.035004" m_tx="43.953434" m_ty="10.300753"/>
   <element name="fill" layername="fill" frame="0" z_index="20" m_a="1.001855" m_b="0.000000" m_c="0.000000" m_d="1.035004" m_tx="48.988445" m_ty="9.284842"/>
  </frame>
  <frame idx="375" w="417" h="83" x="-0.984634" y="12.300861">
   <element name="crack" layername="crack" frame="1" z_index="19" m_a="1.000000" m_b="0.000000" m_c="0.000000" m_d="1.000000" m_tx="38.015511" m_ty="10.525887"/>
   <element name="fill" layername="fill" frame="0" z_index="20" m_a="1.000000" m_b="0.000000" m_c="0.000000" m_d="1.000000" m_tx="43.020493" m_ty="9.517279"/>
  </frame>
 </anim>
 <anim name="close_2" root="nightmare_crack_upper_tomb" numframes="400" framerate="40">
  <frame idx="0" w="433" h="87" x="-6.973404" y="27.953629">
   <element name="crack" layername="crack" frame="1" z_index="19" m_a="1.018660" m_b="0.000000" m_c="0.000000" m_d="1.217900" m_tx="28.500000" m_ty="16.700001"/>
   <element name="fill" layername="fill" frame="0" z_index="20" m_a="1.018660" m_b="0.000000" m_c="0.000000" m_d="1.274280" m_tx="31.250000" m_ty="15.950000"/>
  </frame>
  <frame idx="25" w="432" h="74" x="-26.842712" y="16.656258">
   <element name="crack" layername="crack" frame="1" z_index="19" m_a="0.963718" m_b="0.000000" m_c="0.000000" m_d="0.956500" m_tx="19.014706" m_ty="16.773529"/>
   <element name="fill" layername="fill" frame="0" z_index="20" m_a="0.963718" m_b="0.000000" m_c="0.000000" m_d="0.971424" m_tx="21.617647" m_ty="16.060295"/>
  </frame>
  <frame idx="50" w="422" h="66" x="-36.293686" y="9.687008">
   <element name="crack" layername="crack" frame="1" z_index="19" m_a="0.916773" m_b="0.000000" m_c="0.000000" m_d="0.795679" m_tx="18.436363" m_ty="16.799999"/>
   <element name="fill" layername="fill" frame="0" z_index="20" m_a="0.916773" m_b="0.000000" m_c="0.000000" m_d="0.795679" m_tx="20.913637" m_ty="16.172728"/>
  </frame>
  <frame idx="75" w="418" h="63" x="-34.011658" y="7.923136">
   <element name="crack" layername="crack" frame="1" z_index="19" m_a="0.915083" m_b="0.000000" m_c="0.000000" m_d="0.742034" m_tx="21.037880" m_ty="17.369696"/>
   <element name="fill" layername="fill" frame="0" z_index="20" m_a="0.915083" m_b="0.000000" m_c="0.000000" m_d="0.742034" m_tx="23.510607" m_ty="16.795454"/>
  </frame>
  <frame idx="100" w="438" h="64" x="-19.250137" y="12.047232">
   <element name="crack" layername="crack" frame="1" z_index="19" m_a="1.000000" m_b="0.000000" m_c="0.000000" m_d="0.795914" m_tx="19.750000" m_ty="19.150000"/>
   <element name="fill" layername="fill" frame="0" z_index="20" m_a="1.000000" m_b="0.000000" m_c="0.000000" m_d="0.795914" m_tx="22.450001" m_ty="18.500000"/>
  </frame>
  <frame idx="125" w="421" h="61" x="-41.958267" y="5.880581">
   <element name="crack" layername="crack" frame="1" z_index="19" m_a="0.896969" m_b="0.000000" m_c="0.000000" m_d="0.693029" m_tx="16.514706" m_ty="17.458824"/>
   <element name="fill" layername="fill" frame="0" z_index="20" m_a="0.896969" m_b="0.000000" m_c="0.000000" m_d="0.693029" m_tx="18.957354" m_ty="16.882353"/>
  </frame>
  <frame idx="150" w="307" h="58" x="-248.205963" y="-2.753742">
   <element name="crack" layername="crack" frame="1" z_index="19" m_a="-0.041817" m_b="-0.000728" m_c="-0.009689" m_d="0.556838" m_tx="-18.831820" m_ty="14.886364"/>
   <element name="fill" layername="fill" frame="0" z_index="20" m_a="-0.041817" m_b="-0.000728" m_c="-0.009689" m_d="0.556838" m_tx="-18.930305" m_ty="14.384849"/>
  </frame>
  <frame idx="175" w="868" h="73" x="-437.493713" y="-11.565866">
   <element name="crack" layername="crack" frame="1" z_index="19" m_a="-0.502815" m_b="-0.009296" m_c="-0.009433" m_d="0.510239" m_tx="-34.100491" m_ty="12.798927"/>
   <element name="fill" layername="fill" frame="0" z_index="20" m_a="-0.999236" m_b="-0.035872" m_c="-0.016204" m_d="0.451370" m_tx="-57.849998" m_ty="12.350000"/>
  </frame>
  <frame idx="200" w="1117" h="80" x="-210.894714" y="-5.774372">
   <element name="crack" layername="crack" frame="0" z_index="20" m_a="1.049484" m_b="-0.037676" m_c="0.024886" m_d="0.693206" m_tx="7.572073" m_ty="13.232447"/>
   <element name="fill" layername="fill" frame="0" z_index="20" m_a="-0.999236" m_b="-0.035872" m_c="-0.016204" m_d="0.451370" m_tx="-57.849998" m_ty="12.350000"/>
  </frame>
  <frame idx="225" w="953" h="81" x="-166.406342" y="5.019871">
   <element name="crack" layername="crack" frame="0" z_index="20" m_a="1.040951" m_b="-0.009888" m_c="0.008728" m_d="0.918867" m_tx="4.029842" m_ty="15.711486"/>
   <element name="fill" layername="fill" frame="0" z_index="20" m_a="-0.747194" m_b="-0.023468" m_c="-0.017407" m_d="0.554215" m_tx="-46.712498" m_ty="12.800000"/>
  </frame>
  <frame idx="250" w="798" h="79" x="-114.065247" y="10.012291">
   <element name="crack" layername="crack" frame="0" z_index="20" m_a="1.056013" m_b="0.000000" m_c="0.000000" m_d="1.000000" m_tx="6.814125" m_ty="16.605743"/>
   <element name="fill" layername="fill" frame="0" z_index="20" m_a="-0.495066" m_b="-0.013327" m_c="-0.017688" m_d="0.657078" m_tx="-35.574997" m_ty="13.250000"/>
  </frame>
  <frame idx="275" w="640" h="73" x="-64.538574" y="11.576742">
   <element name="crack" layername="crack" frame="0" z_index="20" m_a="1.057174" m_b="0.000000" m_c="0.000000" m_d="1.000000" m_tx="8.497684" m_ty="16.605743"/>
   <element name="fill" layername="fill" frame="0" z_index="20" m_a="-0.242866" m_b="-0.005448" m_c="-0.017047" m_d="0.759952" m_tx="-24.437500" m_ty="13.700000"/>
  </frame>
  <frame idx="300" w="468" h="69" x="-32.386475" y="12.727865">
   <element name="crack" layername="crack" frame="0" z_index="20" m_a="1.000000" m_b="0.000000" m_c="0.000000" m_d="1.000000" m_tx="0.290653" m_ty="16.605743"/>
   <element name="fill" layername="fill" frame="0" z_index="20" m_a="0.009388" m_b="0.000168" m_c="-0.015483" m_d="0.862832" m_tx="-13.299999" m_ty="14.150000"/>
  </frame>
  <frame idx="325" w="457" h="71" x="-19.735855" y="15.077070">
   <element name="crack" layername="crack" frame="0" z_index="20" m_a="1.018493" m_b="0.000000" m_c="0.000000" m_d="1.000000" m_tx="7.357712" m_ty="16.605743"/>
   <element name="fill" layername="fill" frame="0" z_index="20" m_a="0.261684" m_b="0.003521" m_c="-0.012996" m_d="0.965710" m_tx="-2.162498" m_ty="14.600000"/>
  </frame>
  <frame idx="350" w="438" h="75" x="-14.424210" y="19.827160">
   <element name="crack" layername="crack" frame="0" z_index="20" m_a="1.012956" m_b="0.000000" m_c="0.000000" m_d="1.000000" m_tx="8.635816" m_ty="16.605743"/>
   <element name="fill" layername="fill" frame="0" z_index="20" m_a="0.514004" m_b="0.004611" m_c="-0.009586" m_d="1.068582" m_tx="8.974998" m_ty="15.050000"/>
  </frame>
  <frame idx="375" w="428" h="79" x="-15.734268" y="24.191978">
   <element name="crack" layername="crack" frame="0" z_index="20" m_a="1.000000" m_b="0.000000" m_c="0.000000" m_d="1.000000" m_tx="7.290653" m_ty="16.605743"/>
   <element name="fill" layername="fill" frame="0" z_index="20" m_a="0.766335" m_b="0.003437" m_c="-0.005254" m_d="1.171441" m_tx="20.112503" m_ty="15.500000"/>
  </frame>
 </anim>
 <anim name="idle_closed" root="nightmare_crack_upper_tomb" numframes="125" framerate="40">
  <frame idx="0" w="412" h="51" x="-0.274918" y="18.199986">
   <element name="crack" layername="crack" frame="0" z_index="20" m_a="1.000000" m_b="0.000000" m_c="0.000000" m_d="1.000000" m_tx="22.750000" m_ty="16.750000"/>
  </frame>
  <frame idx="25" w="412" h="51" x="-0.274918" y="18.199986">
   <element name="crack" layername="crack" frame="0" z_index="20" m_a="1.000000" m_b="0.000000" m_c="0.000000" m_d="1.000000" m_tx="22.750000" m_ty="16.750000"/>
  </frame>
  <frame idx="50" w="412" h="51" x="-0.274918" y="18.199986">
   <element name="crack" layername="crack" frame="0" z_index="20" m_a="1.000000" m_b="0.000000" m_c="0.000000" m_d="1.000000" m_tx="22.750000" m_ty="16.750000"/>
  </frame>
  <frame idx="75" w="412" h="51" x="-0.274918" y="18.199986">
   <element name="crack" layername="crack" frame="0" z_index="20" m_a="1.000000" m_b="0.000000" m_c="0.000000" m_d="1.000000" m_tx="22.750000" m_ty="16.750000"/>
  </frame>
  <frame idx="100" w="412" h="51" x="-0.274918" y="18.199986">
   <element name="crack" layername="crack" frame="0" z_index="20" m_a="1.000000" m_b="0.000000" m_c="0.000000" m_d="1.000000" m_tx="22.750000" m_ty="16.750000"/>
  </frame>
 </anim>
 <anim name="idle_open" root="nightmare_crack_upper_tomb" numframes="125" framerate="40">
  <frame idx="0" w="490" h="117" x="1.825012" y="13.400032">
   <element name="crack" layername="crack" frame="2" z_index="19" m_a="1.000000" m_b="0.000000" m_c="0.000000" m_d="1.000000" m_tx="22.750000" m_ty="16.750000"/>
   <element name="fill" layername="fill" frame="1" z_index="20" m_a="1.000000" m_b="0.000000" m_c="0.000000" m_d="1.000000" m_tx="25.450001" m_ty="15.950000"/>
  </frame>
  <frame idx="25" w="490" h="117" x="1.825012" y="13.400032">
   <element name="crack" layername="crack" frame="2" z_index="19" m_a="1.000000" m_b="0.000000" m_c="0.000000" m_d="1.000000" m_tx="22.750000" m_ty="16.750000"/>
   <element name="fill" layername="fill" frame="1" z_index="20" m_a="1.000000" m_b="0.000000" m_c="0.000000" m_d="1.000000" m_tx="25.450001" m_ty="15.950000"/>
  </frame>
  <frame idx="50" w="490" h="117" x="1.825012" y="13.400032">
   <element name="crack" layername="crack" frame="2" z_index="19" m_a="1.000000" m_b="0.000000" m_c="0.000000" m_d="1.000000" m_tx="22.750000" m_ty="16.750000"/>
   <element name="fill" layername="fill" frame="1" z_index="20" m_a="1.000000" m_b="0.000000" m_c="0.000000" m_d="1.000000" m_tx="25.450001" m_ty="15.950000"/>
  </frame>
  <frame idx="75" w="490" h="117" x="1.825012" y="13.400032">
   <element name="crack" layername="crack" frame="2" z_index="19" m_a="1.000000" m_b="0.000000" m_c="0.000000" m_d="1.000000" m_tx="22.750000" m_ty="16.750000"/>
   <element name="fill" layername="fill" frame="1" z_index="20" m_a="1.000000" m_b="0.000000" m_c="0.000000" m_d="1.000000" m_tx="25.450001" m_ty="15.950000"/>
  </frame>
  <frame idx="100" w="490" h="117" x="1.825012" y="13.400032">
   <element name="crack" layername="crack" frame="2" z_index="19" m_a="1.000000" m_b="0.000000" m_c="0.000000" m_d="1.000000" m_tx="22.750000" m_ty="16.750000"/>
   <element name="fill" layername="fill" frame="1" z_index="20" m_a="1.000000" m_b="0.000000" m_c="0.000000" m_d="1.000000" m_tx="25.450001" m_ty="15.950000"/>
  </frame>
 </anim>
 <anim name="idle_open_rift" root="nightmare_crack_upper_tomb" numframes="925" framerate="40">
  <frame idx="0" w="493" h="563" x="0.669708" y="-75.136887">
   <element name="crack01" layername="crac" frame="1" z_index="12" m_a="1.000000" m_b="0.000000" m_c="0.000000" m_d="1.000000" m_tx="1.850000" m_ty="13.400000"/>
   <element name="fx_beam" layername="fx_beam" frame="0" z_index="13" m_a="0.366676" m_b="0.013887" m_c="-0.015907" m_d="0.419990" m_tx="6.286150" m_ty="56.390400"/>
   <element name="stack_over" layername="stack_over" frame="0" z_index="14" m_a="1.000000" m_b="0.000000" m_c="0.000000" m_d="1.000000" m_tx="5.150000" m_ty="74.099998"/>
   <element name="stack_red" layername="stack_red" frame="0" z_index="15" m_a="1.000000" m_b="0.000000" m_c="0.000000" m_d="1.000000" m_tx="5.150000" m_ty="74.099998"/>
   <element name="stack_under" layername="stack_under" frame="0" z_index="16" m_a="1.000000" m_b="0.000000" m_c="0.000000" m_d="1.000000" m_tx="5.150000" m_ty="74.099998"/>
   <element name="fx_spiral" layername="fx_spiral" frame="0" z_index="17" m_a="-0.291151" m_b="-0.335439" m_c="0.400003" m_d="-0.347191" m_tx="-2.447220" m_ty="32.592499"/>
   <element name="fx_beam" layername="fx_beam" frame="0" z_index="18" m_a="1.104269" m_b="-0.001122" m_c="0.001345" m_d="1.324429" m_tx="1.350000" m_ty="57.799999"/>
   <element name="crack01" layername="crac" frame="0" z_index="19" m_a="1.000000" m_b="0.000000" m_c="0.000000" m_d="1.000000" m_tx="1.850000" m_ty="13.400000"/>
   <element name="fill" layername="fill" frame="1" z_index="20" m_a="1.000000" m_b="0.000000" m_c="0.000000" m_d="1.000000" m_tx="25.450001" m_ty="15.950000"/>
  </frame>
  <frame idx="25" w="490" h="541" x="1.825012" y="-69.200104">
   <element name="crack01" layername="crac" frame="1" z_index="12" m_a="1.000000" m_b="0.000000" m_c="0.000000" m_d="1.000000" m_tx="1.850000" m_ty="13.400000"/>
   <element name="fx_beam" layername="fx_beam" frame="0" z_index="13" m_a="0.368513" m_b="0.013957" m_c="-0.015873" m_d="0.419087" m_tx="6.335598" m_ty="56.389812"/>
   <element name="stack_over" layername="stack_over" frame="0" z_index="14" m_a="1.000000" m_b="0.000000" m_c="0.000000" m_d="1.000000" m_tx="5.150000" m_ty="74.099998"/>
   <element name="stack_red" layername="stack_red" frame="0" z_index="15" m_a="1.000000" m_b="0.000000" m_c="0.000000" m_d="1.000000" m_tx="5.150000" m_ty="74.099998"/>
   <element name="stack_under" layername="stack_under" frame="0" z_index="16" m_a="1.000000" m_b="0.000000" m_c="0.000000" m_d="1.000000" m_tx="5.150000" m_ty="74.099998"/>
   <element name="fx_spiral" layername="fx_spiral" frame="0" z_index="17" m_a="-0.210779" m_b="-0.309831" m_c="0.478415" m_d="-0.325468" m_tx="-2.447220" m_ty="32.342499"/>
   <element name="fx_beam" layername="fx_beam" frame="0" z_index="18" m_a="1.100446" m_b="-0.001496" m_c="0.001796" m_d="1.321488" m_tx="1.350000" m_ty="57.666397"/>
   <element name="crack01" layername="crac" frame="0" z_index="19" m_a="1.000000" m_b="0.000000" m_c="0.000000" m_d="1.000000" m_tx="1.850000" m_ty="13.400000"/>
   <element name="fill" layername="fill" frame="1" z_index="20" m_a="1.000000" m_b="0.000000" m_c="0.000000" m_d="1.000000" m_tx="25.450001" m_ty="15.950000"/>
  </frame>
  <frame idx="50" w="490" h="539" x="1.825012" y="-69.764023">
   <element name="crack01" layername="crac" frame="1" z_index="12" m_a="1.000000" m_b="0.000000" m_c="0.000000" m_d="1.000000" m_tx="1.850000" m_ty="13.400000"/>
   <element name="fx_beam" layername="fx_beam" frame="0" z_index="13" m_a="0.371422" m_b="0.014067" m_c="-0.015818" m_d="0.417657" m_tx="6.413899" m_ty="56.388870"/>
   <element name="stack_over" layername="stack_over" frame="0" z_index="14" m_a="1.000000" m_b="0.000000" m_c="0.000000" m_d="1.000000" m_tx="5.150000" m_ty="74.099998"/>
   <element name="stack_red" layername="stack_red" frame="0" z_index="15" m_a="1.000000" m_b="0.000000" m_c="0.000000" m_d="1.000000" m_tx="5.150000" m_ty="74.099998"/>
   <element name="stack_under" layername="stack_under" frame="0" z_index="16" m_a="1.000000" m_b="0.000000" m_c="0.000000" m_d="1.000000" m_tx="5.150000" m_ty="74.099998"/>
   <element name="fx_spiral" layername="fx_spiral" frame="0" z_index="17" m_a="-0.133110" m_b="-0.278658" m_c="0.556416" m_d="-0.265790" m_tx="-2.447220" m_ty="31.972645"/>
   <element name="fx_beam" layername="fx_beam" frame="0" z_index="18" m_a="1.093749" m_b="-0.002144" m_c="0.002581" m_d="1.316331" m_tx="1.350000" m_ty="57.432457"/>
   <element name="crack01" layername="crac" frame="0" z_index="19" m_a="1.000000" m_b="0.000000" m_c="0.000000" m_d="1.000000" m_tx="1.850000" m_ty="13.400000"/>
   <element name="fill" layername="fill" frame="1" z_index="20" m_a="1.000000" m_b="0.000000" m_c="0.000000" m_d="1.000000" m_tx="25.450001" m_ty="15.950000"/>
  </frame>
  <frame idx="75" w="490" h="538" x="1.825012" y="-70.851288">
   <element name="crack01" layername="crac" frame="1" z_index="12" m_a="1.000000" m_b="0.000000" m_c="0.000000" m_d="1.000000" m_tx="1.850000" m_ty="13.400000"/>
   <element name="fx_beam" layername="fx_beam" frame="0" z_index="13" m_a="0.375501" m_b="0.014222" m_c="-0.015742" m_d="0.415653" m_tx="6.523654" m_ty="56.387543"/>
   <element name="stack_over" layername="stack_over" frame="0" z_index="14" m_a="1.000000" m_b="0.000000" m_c="0.000000" m_d="1.000000" m_tx="5.150000" m_ty="74.099998"/>
   <element name="stack_red" layername="stack_red" frame="0" z_index="15" m_a="1.000000" m_b="0.000000" m_c="0.000000" m_d="1.000000" m_tx="5.150000" m_ty="74.099998"/>
   <element name="stack_under" layername="stack_under" frame="0" z_index="16" m_a="1.000000" m_b="0.000000" m_c="0.000000" m_d="1.000000" m_tx="5.150000" m_ty="74.099998"/>
   <element name="fx_spiral" layername="fx_spiral" frame="0" z_index="17" m_a="-0.063271" m_b="-0.248309" m_c="0.621903" m_d="-0.158465" m_tx="-2.447220" m_ty="31.474089"/>
   <element name="fx_beam" layername="fx_beam" frame="0" z_index="18" m_a="1.083928" m_b="-0.003081" m_c="0.003720" m_d="1.308763" m_tx="1.350000" m_ty="57.089352"/>
   <element name="crack01" layername="crac" frame="0" z_index="19" m_a="1.000000" m_b="0.000000" m_c="0.000000" m_d="1.000000" m_tx="1.850000" m_ty="13.400000"/>
   <element name="fill" layername="fill" frame="1" z_index="20" m_a="1.000000" m_b="0.000000" m_c="0.000000" m_d="1.000000" m_tx="25.450001" m_ty="15.950000"/>
  </frame>
  <frame idx="100" w="490" h="536" x="1.825012" y="-72.294083">
   <element name="crack01" layername="crac" frame="1" z_index="12" m_a="1.000000" m_b="0.000000" m_c="0.000000" m_d="1.000000" m_tx="1.850000" m_ty="13.400000"/>
   <element name="fx_beam" layername="fx_beam" frame="0" z_index="13" m_a="0.380781" m_b="0.014422" m_c="-0.015644" m_d="0.413058" m_tx="6.665760" m_ty="56.385799"/>
   <element name="stack_over" layername="stack_over" frame="0" z_index="14" m_a="1.000000" m_b="0.000000" m_c="0.000000" m_d="1.000000" m_tx="5.150000" m_ty="74.099998"/>
   <element name="stack_red" layername="stack_red" frame="0" z_index="15" m_a="1.000000" m_b="0.000000" m_c="0.000000" m_d="1.000000" m_tx="5.150000" m_ty="74.099998"/>
   <element name="stack_under" layername="stack_under" frame="0" z_index="16" m_a="1.000000" m_b="0.000000" m_c="0.000000" m_d="1.000000" m_tx="5.150000" m_ty="74.099998"/>
   <element name="fx_spiral" layername="fx_spiral" frame="0" z_index="17" m_a="-0.000008" m_b="-0.227788" m_c="0.652644" m_d="-0.000022" m_tx="-2.447220" m_ty="30.845301"/>
   <element name="fx_beam" layername="fx_beam" frame="0" z_index="18" m_a="1.070901" m_b="-0.004298" m_c="0.005212" m_d="1.298720" m_tx="1.350000" m_ty="56.634201"/>
   <element name="crack01" layername="crac" frame="0" z_index="19" m_a="1.000000" m_b="0.000000" m_c="0.000000" m_d="1.000000" m_tx="1.850000" m_ty="13.400000"/>
   <element name="fill" layername="fill" frame="1" z_index="20" m_a="1.000000" m_b="0.000000" m_c="0.000000" m_d="1.000000" m_tx="25.450001" m_ty="15.950000"/>
  </frame>
  <frame idx="125" w="490" h="535" x="1.825012" y="-74.136658">
   <element name="crack01" layername="crac" frame="1" z_index="12" m_a="1.000000" m_b="0.000000" m_c="0.000000" m_d="1.000000" m_tx="1.850000" m_ty="13.400000"/>
   <element name="fx_beam" layername="fx_beam" frame="0" z_index="13" m_a="0.387697" m_b="0.014684" m_c="-0.015515" m_d="0.409659" m_tx="6.851907" m_ty="56.383522"/>
   <element name="stack_over" layername="stack_over" frame="0" z_index="14" m_a="1.000000" m_b="0.000000" m_c="0.000000" m_d="1.000000" m_tx="5.150000" m_ty="74.099998"/>
   <element name="stack_red" layername="stack_red" frame="0" z_index="15" m_a="1.000000" m_b="0.000000" m_c="0.000000" m_d="1.000000" m_tx="5.150000" m_ty="74.099998"/>
   <element name="stack_under" layername="stack_under" frame="0" z_index="16" m_a="1.000000" m_b="0.000000" m_c="0.000000" m_d="1.000000" m_tx="5.150000" m_ty="74.099998"/>
   <element name="fx_spiral" layername="fx_spiral" frame="0" z_index="17" m_a="0.061243" m_b="-0.247955" m_c="0.623361" m_d="0.153965" m_tx="-2.447220" m_ty="30.059196"/>
   <element name="fx_beam" layername="fx_beam" frame="0" z_index="18" m_a="1.054262" m_b="-0.005807" m_c="0.007083" m_d="1.285894" m_tx="1.350000" m_ty="56.052731"/>
   <element name="crack01" layername="crac" frame="0" z_index="19" m_a="1.000000" m_b="0.000000" m_c="0.000000" m_d="1.000000" m_tx="1.850000" m_ty="13.400000"/>
   <element name="fill" layername="fill" frame="1" z_index="20" m_a="1.000000" m_b="0.000000" m_c="0.000000" m_d="1.000000" m_tx="25.450001" m_ty="15.950000"/>
  </frame>
  <frame idx="150" w="490" h="533" x="1.825012" y="-76.140808">
   <element name="crack01" layername="crac" frame="1" z_index="12" m_a="1.000000" m_b="0.000000" m_c="0.000000" m_d="1.000000" m_tx="1.850000" m_ty="13.400000"/>
   <element name="fx_beam" layername="fx_beam" frame="0" z_index="13" m_a="0.395877" m_b="0.014993" m_c="-0.015363" m_d="0.405639" m_tx="7.072050" m_ty="56.380859"/>
   <element name="stack_over" layername="stack_over" frame="0" z_index="14" m_a="1.000000" m_b="0.000000" m_c="0.000000" m_d="1.000000" m_tx="5.150000" m_ty="74.099998"/>
   <element name="stack_red" layername="stack_red" frame="0" z_index="15" m_a="1.000000" m_b="0.000000" m_c="0.000000" m_d="1.000000" m_tx="5.150000" m_ty="74.099998"/>
   <element name="stack_under" layername="stack_under" frame="0" z_index="16" m_a="1.000000" m_b="0.000000" m_c="0.000000" m_d="1.000000" m_tx="5.150000" m_ty="74.099998"/>
   <element name="fx_spiral" layername="fx_spiral" frame="0" z_index="17" m_a="0.130115" m_b="-0.277247" m_c="0.559374" m_d="0.262520" m_tx="-2.447220" m_ty="29.173290"/>
   <element name="fx_beam" layername="fx_beam" frame="0" z_index="18" m_a="1.036162" m_b="-0.007392" m_c="0.009074" m_d="1.271944" m_tx="1.350000" m_ty="55.420467"/>
   <element name="crack01" layername="crac" frame="0" z_index="19" m_a="1.000000" m_b="0.000000" m_c="0.000000" m_d="1.000000" m_tx="1.850000" m_ty="13.400000"/>
   <element name="fill" layername="fill" frame="1" z_index="20" m_a="1.000000" m_b="0.000000" m_c="0.000000" m_d="1.000000" m_tx="25.450001" m_ty="15.950000"/>
  </frame>
  <frame idx="175" w="490" h="531" x="1.825012" y="-78.167648">
   <element name="crack01" layername="crac" frame="1" z_index="12" m_a="1.000000" m_b="0.000000" m_c="0.000000" m_d="1.000000" m_tx="1.850000" m_ty="13.400000"/>
   <element name="fx_beam" layername="fx_beam" frame="0" z_index="13" m_a="0.405220" m_b="0.015347" m_c="-0.015189" m_d="0.401047" m_tx="7.323496" m_ty="56.377808"/>
   <element name="stack_over" layername="stack_over" frame="0" z_index="14" m_a="1.000000" m_b="0.000000" m_c="0.000000" m_d="1.000000" m_tx="5.150000" m_ty="74.099998"/>
   <element name="stack_red" layername="stack_red" frame="0" z_index="15" m_a="1.000000" m_b="0.000000" m_c="0.000000" m_d="1.000000" m_tx="5.150000" m_ty="74.099998"/>
   <element name="stack_under" layername="stack_under" frame="0" z_index="16" m_a="1.000000" m_b="0.000000" m_c="0.000000" m_d="1.000000" m_tx="5.150000" m_ty="74.099998"/>
   <element name="fx_spiral" layername="fx_spiral" frame="0" z_index="17" m_a="0.208504" m_b="-0.308837" m_c="0.480792" m_d="0.324596" m_tx="-2.447220" m_ty="28.218954"/>
   <element name="fx_beam" layername="fx_beam" frame="0" z_index="18" m_a="1.017858" m_b="-0.008935" m_c="0.011041" m_d="1.257835" m_tx="1.350000" m_ty="54.781136"/>
   <element name="crack01" layername="crac" frame="0" z_index="19" m_a="1.000000" m_b="0.000000" m_c="0.000000" m_d="1.000000" m_tx="1.850000" m_ty="13.400000"/>
   <element name="fill" layername="fill" frame="1" z_index="20" m_a="1.000000" m_b="0.000000" m_c="0.000000" m_d="1.000000" m_tx="25.450001" m_ty="15.950000"/>
  </frame>
  <frame idx="200" w="490" h="528" x="1.825012" y="-80.049713">
   <element name="crack01" layername="crac" frame="1" z_index="12" m_a="1.000000" m_b="0.000000" m_c="0.000000" m_d="1.000000" m_tx="1.850000" m_ty="13.400000"/>
   <element name="fx_beam" layername="fx_beam" frame="0" z_index="13" m_a="0.415525" m_b="0.015738" m_c="-0.014997" m_d="0.395982" m_tx="7.600830" m_ty="56.374401"/>
   <element name="stack_over" layername="stack_over" frame="0" z_index="14" m_a="1.000000" m_b="0.000000" m_c="0.000000" m_d="1.000000" m_tx="5.150000" m_ty="74.099998"/>
   <element name="stack_red" layername="stack_red" frame="0" z_index="15" m_a="1.000000" m_b="0.000000" m_c="0.000000" m_d="1.000000" m_tx="5.150000" m_ty="74.099998"/>
   <element name="stack_under" layername="stack_under" frame="0" z_index="16" m_a="1.000000" m_b="0.000000" m_c="0.000000" m_d="1.000000" m_tx="5.150000" m_ty="74.099998"/>
   <element name="fx_spiral" layername="fx_spiral" frame="0" z_index="17" m_a="0.291182" m_b="-0.335445" m_c="0.399972" m_d="0.347194" m_tx="-2.447220" m_ty="27.238501"/>
   <element name="fx_beam" layername="fx_beam" frame="0" z_index="18" m_a="1.000867" m_b="-0.010313" m_c="0.012826" m_d="1.244734" m_tx="1.350000" m_ty="54.187500"/>
   <element name="crack01" layername="crac" frame="0" z_index="19" m_a="1.000000" m_b="0.000000" m_c="0.000000" m_d="1.000000" m_tx="1.850000" m_ty="13.400000"/>
   <element name="fill" layername="fill" frame="1" z_index="20" m_a="1.000000" m_b="0.000000" m_c="0.000000" m_d="1.000000" m_tx="25.450001" m_ty="15.950000"/>
  </frame>
  <frame idx="225" w="490" h="526" x="1.825012" y="-81.346497">
   <element name="crack01" layername="crac" frame="1" z_index="12" m_a="1.000000" m_b="0.000000" m_c="0.000000" m_d="1.000000" m_tx="1.850000" m_ty="13.400000"/>
   <element name="fx_beam" layername="fx_beam" frame="0" z_index="13" m_a="0.426221" m_b="0.016143" m_c="-0.014798" m_d="0.390726" m_tx="7.888683" m_ty="56.370869"/>
   <element name="stack_over" layername="stack_over" frame="0" z_index="14" m_a="1.000000" m_b="0.000000" m_c="0.000000" m_d="1.000000" m_tx="5.150000" m_ty="74.099998"/>
   <element name="stack_red" layername="stack_red" frame="0" z_index="15" m_a="1.000000" m_b="0.000000" m_c="0.000000" m_d="1.000000" m_tx="5.150000" m_ty="74.099998"/>
   <element name="stack_under" layername="stack_under" frame="0" z_index="16" m_a="1.000000" m_b="0.000000" m_c="0.000000" m_d="1.000000" m_tx="5.150000" m_ty="74.099998"/>
   <element name="fx_spiral" layername="fx_spiral" frame="0" z_index="17" m_a="0.370230" m_b="-0.346428" m_c="0.318942" m_d="0.340856" m_tx="-2.447220" m_ty="26.359015"/>
   <element name="fx_beam" layername="fx_beam" frame="0" z_index="18" m_a="0.989161" m_b="-0.011232" m_c="0.014032" m_d="1.235705" m_tx="1.350000" m_ty="53.778751"/>
   <element name="crack01" layername="crac" frame="0" z_index="19" m_a="1.000000" m_b="0.000000" m_c="0.000000" m_d="1.000000" m_tx="1.850000" m_ty="13.400000"/>
   <element name="fill" layername="fill" frame="1" z_index="20" m_a="1.000000" m_b="0.000000" m_c="0.000000" m_d="1.000000" m_tx="25.450001" m_ty="15.950000"/>
  </frame>
  <frame idx="250" w="490" h="525" x="1.825012" y="-82.246552">
   <element name="crack01" layername="crac" frame="1" z_index="12" m_a="1.000000" m_b="0.000000" m_c="0.000000" m_d="1.000000" m_tx="1.850000" m_ty="13.400000"/>
   <element name="fx_beam" layername="fx_beam" frame="0" z_index="13" m_a="0.436964" m_b="0.016550" m_c="-0.014598" m_d="0.385446" m_tx="8.177794" m_ty="56.367371"/>
   <element name="stack_over" layername="stack_over" frame="0" z_index="14" m_a="1.000000" m_b="0.000000" m_c="0.000000" m_d="1.000000" m_tx="5.150000" m_ty="74.099998"/>
   <element name="stack_red" layername="stack_red" frame="0" z_index="15" m_a="1.000000" m_b="0.000000" m_c="0.000000" m_d="1.000000" m_tx="5.150000" m_ty="74.099998"/>
   <element name="stack_under" layername="stack_under" frame="0" z_index="16" m_a="1.000000" m_b="0.000000" m_c="0.000000" m_d="1.000000" m_tx="5.150000" m_ty="74.099998"/>
   <element name="fx_spiral" layername="fx_spiral" frame="0" z_index="17" m_a="0.451615" m_b="-0.334414" m_c="0.237073" m_d="0.320159" m_tx="-2.447220" m_ty="25.567394"/>
   <element name="fx_beam" layername="fx_beam" frame="0" z_index="18" m_a="0.981036" m_b="-0.011856" m_c="0.014857" m_d="1.229439" m_tx="1.350005" m_ty="53.495064"/>
   <element name="crack01" layername="crac" frame="0" z_index="19" m_a="1.000000" m_b="0.000000" m_c="0.000000" m_d="1.000000" m_tx="1.850000" m_ty="13.400000"/>
   <element name="fill" layername="fill" frame="1" z_index="20" m_a="1.000000" m_b="0.000000" m_c="0.000000" m_d="1.000000" m_tx="25.450001" m_ty="15.950000"/>
  </frame>
  <frame idx="275" w="490" h="525" x="1.825012" y="-82.813614">
   <element name="crack01" layername="crac" frame="1" z_index="12" m_a="1.000000" m_b="0.000000" m_c="0.000000" m_d="1.000000" m_tx="1.850000" m_ty="13.400000"/>
   <element name="fx_beam" layername="fx_beam" frame="0" z_index="13" m_a="0.447337" m_b="0.016942" m_c="-0.014405" m_d="0.380348" m_tx="8.456963" m_ty="56.364006"/>
   <element name="stack_over" layername="stack_over" frame="0" z_index="14" m_a="1.000000" m_b="0.000000" m_c="0.000000" m_d="1.000000" m_tx="5.150000" m_ty="74.099998"/>
   <element name="stack_red" layername="stack_red" frame="0" z_index="15" m_a="1.000000" m_b="0.000000" m_c="0.000000" m_d="1.000000" m_tx="5.150000" m_ty="74.099998"/>
   <element name="stack_under" layername="stack_under" frame="0" z_index="16" m_a="1.000000" m_b="0.000000" m_c="0.000000" m_d="1.000000" m_tx="5.150000" m_ty="74.099998"/>
   <element name="fx_spiral" layername="fx_spiral" frame="0" z_index="17" m_a="0.532119" m_b="-0.290928" m_c="0.157951" m_d="0.288898" m_tx="-2.447220" m_ty="24.891113"/>
   <element name="fx_beam" layername="fx_beam" frame="0" z_index="18" m_a="0.978496" m_b="-0.012190" m_c="0.015265" m_d="1.225367" m_tx="1.393355" m_ty="53.346458"/>
   <element name="crack01" layername="crac" frame="0" z_index="19" m_a="1.000000" m_b="0.000000" m_c="0.000000" m_d="1.000000" m_tx="1.850000" m_ty="13.400000"/>
   <element name="fill" layername="fill" frame="1" z_index="20" m_a="1.000000" m_b="0.000000" m_c="0.000000" m_d="1.000000" m_tx="25.450001" m_ty="15.950000"/>
  </frame>
  <frame idx="300" w="490" h="525" x="1.825012" y="-83.147278">
   <element name="crack01" layername="crac" frame="1" z_index="12" m_a="1.000000" m_b="0.000000" m_c="0.000000" m_d="1.000000" m_tx="1.850000" m_ty="13.400000"/>
   <element name="fx_beam" layername="fx_beam" frame="0" z_index="13" m_a="0.456868" m_b="0.017303" m_c="-0.014228" m_d="0.375664" m_tx="8.713500" m_ty="56.360901"/>
   <element name="stack_over" layername="stack_over" frame="0" z_index="14" m_a="1.000000" m_b="0.000000" m_c="0.000000" m_d="1.000000" m_tx="5.150000" m_ty="74.099998"/>
   <element name="stack_red" layername="stack_red" frame="0" z_index="15" m_a="1.000000" m_b="0.000000" m_c="0.000000" m_d="1.000000" m_tx="5.150000" m_ty="74.099998"/>
   <element name="stack_under" layername="stack_under" frame="0" z_index="16" m_a="1.000000" m_b="0.000000" m_c="0.000000" m_d="1.000000" m_tx="5.150000" m_ty="74.099998"/>
   <element name="fx_spiral" layername="fx_spiral" frame="0" z_index="17" m_a="0.604003" m_b="-0.206413" m_c="0.085806" m_d="0.251084" m_tx="-2.447220" m_ty="24.354900"/>
   <element name="fx_beam" layername="fx_beam" frame="0" z_index="18" m_a="0.983539" m_b="-0.012253" m_c="0.015232" m_d="1.222655" m_tx="1.528810" m_ty="53.335400"/>
   <element name="crack01" layername="crac" frame="0" z_index="19" m_a="1.000000" m_b="0.000000" m_c="0.000000" m_d="1.000000" m_tx="1.850000" m_ty="13.400000"/>
   <element name="fill" layername="fill" frame="1" z_index="20" m_a="1.000000" m_b="0.000000" m_c="0.000000" m_d="1.000000" m_tx="25.450001" m_ty="15.950000"/>
  </frame>
  <frame idx="325" w="490" h="524" x="1.825012" y="-83.749741">
   <element name="crack01" layername="crac" frame="1" z_index="12" m_a="1.000000" m_b="0.000000" m_c="0.000000" m_d="1.000000" m_tx="1.850000" m_ty="13.400000"/>
   <element name="fx_beam" layername="fx_beam" frame="0" z_index="13" m_a="0.464223" m_b="0.017582" m_c="-0.014091" m_d="0.372049" m_tx="8.911442" m_ty="56.358475"/>
   <element name="stack_over" layername="stack_over" frame="0" z_index="14" m_a="1.000000" m_b="0.000000" m_c="0.000000" m_d="1.000000" m_tx="5.150000" m_ty="74.099998"/>
   <element name="stack_red" layername="stack_red" frame="0" z_index="15" m_a="1.000000" m_b="0.000000" m_c="0.000000" m_d="1.000000" m_tx="5.150000" m_ty="74.099998"/>
   <element name="stack_under" layername="stack_under" frame="0" z_index="16" m_a="1.000000" m_b="0.000000" m_c="0.000000" m_d="1.000000" m_tx="5.150000" m_ty="74.099998"/>
   <element name="fx_spiral" layername="fx_spiral" frame="0" z_index="17" m_a="0.646383" m_b="-0.056487" m_c="0.020696" m_d="0.236826" m_tx="-2.447220" m_ty="24.037767"/>
   <element name="fx_beam" layername="fx_beam" frame="0" z_index="18" m_a="0.992621" m_b="-0.012366" m_c="0.015171" m_d="1.217758" m_tx="1.772744" m_ty="53.315472"/>
   <element name="crack01" layername="crac" frame="0" z_index="19" m_a="1.000000" m_b="0.000000" m_c="0.000000" m_d="1.000000" m_tx="1.850000" m_ty="13.400000"/>
   <element name="fill" layername="fill" frame="1" z_index="20" m_a="1.000000" m_b="0.000000" m_c="0.000000" m_d="1.000000" m_tx="25.450001" m_ty="15.950000"/>
  </frame>
  <frame idx="350" w="490" h="523" x="1.825012" y="-84.563141">
   <element name="crack01" layername="crac" frame="1" z_index="12" m_a="1.000000" m_b="0.000000" m_c="0.000000" m_d="1.000000" m_tx="1.850000" m_ty="13.400000"/>
   <element name="fx_beam" layername="fx_beam" frame="0" z_index="13" m_a="0.470256" m_b="0.017810" m_c="-0.013979" m_d="0.369084" m_tx="9.073784" m_ty="56.356487"/>
   <element name="stack_over" layername="stack_over" frame="0" z_index="14" m_a="1.000000" m_b="0.000000" m_c="0.000000" m_d="1.000000" m_tx="5.150000" m_ty="74.099998"/>
   <element name="stack_red" layername="stack_red" frame="0" z_index="15" m_a="1.000000" m_b="0.000000" m_c="0.000000" m_d="1.000000" m_tx="5.150000" m_ty="74.099998"/>
   <element name="stack_under" layername="stack_under" frame="0" z_index="16" m_a="1.000000" m_b="0.000000" m_c="0.000000" m_d="1.000000" m_tx="5.150000" m_ty="74.099998"/>
   <element name="fx_spiral" layername="fx_spiral" frame="0" z_index="17" m_a="0.652644" m_b="0.000000" m_c="0.000000" m_d="0.227788" m_tx="-2.447104" m_ty="24.002581"/>
   <element name="fx_beam" layername="fx_beam" frame="0" z_index="18" m_a="1.004895" m_b="-0.012519" m_c="0.015088" m_d="1.211147" m_tx="2.102378" m_ty="53.288521"/>
   <element name="crack01" layername="crac" frame="0" z_index="19" m_a="1.000000" m_b="0.000000" m_c="0.000000" m_d="1.000000" m_tx="1.850000" m_ty="13.400000"/>
   <element name="fill" layername="fill" frame="1" z_index="20" m_a="1.000000" m_b="0.000000" m_c="0.000000" m_d="1.000000" m_tx="25.450001" m_ty="15.950000"/>
  </frame>
  <frame idx="375" w="490" h="522" x="1.825012" y="-85.599594">
   <element name="crack01" layername="crac" frame="1" z_index="12" m_a="1.000000" m_b="0.000000" m_c="0.000000" m_d="1.000000" m_tx="1.850000" m_ty="13.400000"/>
   <element name="fx_beam" layername="fx_beam" frame="0" z_index="13" m_a="0.474804" m_b="0.017983" m_c="-0.013894" m_d="0.366849" m_tx="9.196187" m_ty="56.354984"/>
   <element name="stack_over" layername="stack_over" frame="0" z_index="14" m_a="1.000000" m_b="0.000000" m_c="0.000000" m_d="1.000000" m_tx="5.150000" m_ty="74.099998"/>
   <element name="stack_red" layername="stack_red" frame="0" z_index="15" m_a="1.000000" m_b="0.000000" m_c="0.000000" m_d="1.000000" m_tx="5.150000" m_ty="74.099998"/>
   <element name="stack_under" layername="stack_under" frame="0" z_index="16" m_a="1.000000" m_b="0.000000" m_c="0.000000" m_d="1.000000" m_tx="5.150000" m_ty="74.099998"/>
   <element name="fx_spiral" layername="fx_spiral" frame="0" z_index="17" m_a="0.652644" m_b="0.000019" m_c="-0.000007" m_d="0.227788" m_tx="-2.446895" m_ty="24.143276"/>
   <element name="fx_beam" layername="fx_beam" frame="0" z_index="18" m_a="1.020536" m_b="-0.012713" m_c="0.014983" m_d="1.202724" m_tx="2.522478" m_ty="53.254143"/>
   <element name="crack01" layername="crac" frame="0" z_index="19" m_a="1.000000" m_b="0.000000" m_c="0.000000" m_d="1.000000" m_tx="1.850000" m_ty="13.400000"/>
   <element name="fill" layername="fill" frame="1" z_index="20" m_a="1.000000" m_b="0.000000" m_c="0.000000" m_d="1.000000" m_tx="25.450001" m_ty="15.950000"/>
  </frame>
  <frame idx="400" w="490" h="521" x="1.825012" y="-86.857849">
   <element name="crack01" layername="crac" frame="1" z_index="12" m_a="1.000000" m_b="0.000000" m_c="0.000000" m_d="1.000000" m_tx="1.850000" m_ty="13.400000"/>
   <element name="fx_beam" layername="fx_beam" frame="0" z_index="13" m_a="0.477779" m_b="0.018095" m_c="-0.013839" m_d="0.365386" m_tx="9.276270" m_ty="56.354000"/>
   <element name="stack_over" layername="stack_over" frame="0" z_index="14" m_a="1.000000" m_b="0.000000" m_c="0.000000" m_d="1.000000" m_tx="5.150000" m_ty="74.099998"/>
   <element name="stack_red" layername="stack_red" frame="0" z_index="15" m_a="1.000000" m_b="0.000000" m_c="0.000000" m_d="1.000000" m_tx="5.150000" m_ty="74.099998"/>
   <element name="stack_under" layername="stack_under" frame="0" z_index="16" m_a="1.000000" m_b="0.000000" m_c="0.000000" m_d="1.000000" m_tx="5.150000" m_ty="74.099998"/>
   <element name="fx_spiral" layername="fx_spiral" frame="0" z_index="17" m_a="0.652644" m_b="0.000080" m_c="-0.000028" m_d="0.227788" m_tx="-2.446630" m_ty="24.320700"/>
   <element name="fx_beam" layername="fx_beam" frame="0" z_index="18" m_a="1.039519" m_b="-0.012950" m_c="0.014855" m_d="1.192497" m_tx="3.032380" m_ty="53.212399"/>
   <element name="crack01" layername="crac" frame="0" z_index="19" m_a="1.000000" m_b="0.000000" m_c="0.000000" m_d="1.000000" m_tx="1.850000" m_ty="13.400000"/>
   <element name="fill" layername="fill" frame="1" z_index="20" m_a="1.000000" m_b="0.000000" m_c="0.000000" m_d="1.000000" m_tx="25.450001" m_ty="15.950000"/>
  </frame>
  <frame idx="425" w="490" h="519" x="1.825012" y="-88.381226">
   <element name="crack01" layername="crac" frame="1" z_index="12" m_a="1.000000" m_b="0.000000" m_c="0.000000" m_d="1.000000" m_tx="1.850000" m_ty="13.400000"/>
   <element name="fx_beam" layername="fx_beam" frame="0" z_index="13" m_a="0.476124" m_b="0.018161" m_c="-0.014025" m_d="0.367692" m_tx="9.196491" m_ty="56.395176"/>
   <element name="stack_over" layername="stack_over" frame="0" z_index="14" m_a="1.000000" m_b="0.000000" m_c="0.000000" m_d="1.000000" m_tx="5.150000" m_ty="74.099998"/>
   <element name="stack_red" layername="stack_red" frame="0" z_index="15" m_a="1.000000" m_b="0.000000" m_c="0.000000" m_d="1.000000" m_tx="5.150000" m_ty="74.099998"/>
   <element name="stack_under" layername="stack_under" frame="0" z_index="16" m_a="1.000000" m_b="0.000000" m_c="0.000000" m_d="1.000000" m_tx="5.150000" m_ty="74.099998"/>
   <element name="fx_spiral" layername="fx_spiral" frame="0" z_index="17" m_a="0.623349" m_b="0.154005" m_c="-0.061260" m_d="0.247955" m_tx="-2.446285" m_ty="24.548716"/>
   <element name="fx_beam" layername="fx_beam" frame="0" z_index="18" m_a="1.062510" m_b="-0.013236" m_c="0.014701" m_d="1.180116" m_tx="3.649828" m_ty="53.161957"/>
   <element name="crack01" layername="crac" frame="0" z_index="19" m_a="1.000000" m_b="0.000000" m_c="0.000000" m_d="1.000000" m_tx="1.850000" m_ty="13.400000"/>
   <element name="fill" layername="fill" frame="1" z_index="20" m_a="1.000000" m_b="0.000000" m_c="0.000000" m_d="1.000000" m_tx="25.450001" m_ty="15.950000"/>
  </frame>
  <frame idx="450" w="490" h="517" x="1.825012" y="-90.094009">
   <element name="crack01" layername="crac" frame="1" z_index="12" m_a="1.000000" m_b="0.000000" m_c="0.000000" m_d="1.000000" m_tx="1.850000" m_ty="13.400000"/>
   <element name="fx_beam" layername="fx_beam" frame="0" z_index="13" m_a="0.473318" m_b="0.018273" m_c="-0.014346" m_d="0.371599" m_tx="9.061341" m_ty="56.464886"/>
   <element name="stack_over" layername="stack_over" frame="0" z_index="14" m_a="1.000000" m_b="0.000000" m_c="0.000000" m_d="1.000000" m_tx="5.150000" m_ty="74.099998"/>
   <element name="stack_red" layername="stack_red" frame="0" z_index="15" m_a="1.000000" m_b="0.000000" m_c="0.000000" m_d="1.000000" m_tx="5.150000" m_ty="74.099998"/>
   <element name="stack_under" layername="stack_under" frame="0" z_index="16" m_a="1.000000" m_b="0.000000" m_c="0.000000" m_d="1.000000" m_tx="5.150000" m_ty="74.099998"/>
   <element name="fx_spiral" layername="fx_spiral" frame="0" z_index="17" m_a="0.559368" m_b="0.262527" m_c="-0.130119" m_d="0.277246" m_tx="-2.445879" m_ty="24.819649"/>
   <element name="fx_beam" layername="fx_beam" frame="0" z_index="18" m_a="1.088356" m_b="-0.013558" m_c="0.014528" m_d="1.166195" m_tx="4.344013" m_ty="53.105206"/>
   <element name="crack01" layername="crac" frame="0" z_index="19" m_a="1.000000" m_b="0.000000" m_c="0.000000" m_d="1.000000" m_tx="1.850000" m_ty="13.400000"/>
   <element name="fill" layername="fill" frame="1" z_index="20" m_a="1.000000" m_b="0.000000" m_c="0.000000" m_d="1.000000" m_tx="25.450001" m_ty="15.950000"/>
  </frame>
  <frame idx="475" w="491" h="515" x="3.393082" y="-91.953629">
   <element name="crack01" layername="crac" frame="1" z_index="12" m_a="1.000000" m_b="0.000000" m_c="0.000000" m_d="1.000000" m_tx="1.850000" m_ty="13.400000"/>
   <element name="fx_beam" layername="fx_beam" frame="0" z_index="13" m_a="0.469255" m_b="0.018431" m_c="-0.014817" m_d="0.377255" m_tx="8.865647" m_ty="56.565819"/>
   <element name="stack_over" layername="stack_over" frame="0" z_index="14" m_a="1.000000" m_b="0.000000" m_c="0.000000" m_d="1.000000" m_tx="5.150000" m_ty="74.099998"/>
   <element name="stack_red" layername="stack_red" frame="0" z_index="15" m_a="1.000000" m_b="0.000000" m_c="0.000000" m_d="1.000000" m_tx="5.150000" m_ty="74.099998"/>
   <element name="stack_under" layername="stack_under" frame="0" z_index="16" m_a="1.000000" m_b="0.000000" m_c="0.000000" m_d="1.000000" m_tx="5.150000" m_ty="74.099998"/>
   <element name="fx_spiral" layername="fx_spiral" frame="0" z_index="17" m_a="0.480794" m_b="0.324594" m_c="-0.208500" m_d="0.308834" m_tx="-2.445410" m_ty="25.134142"/>
   <element name="fx_beam" layername="fx_beam" frame="0" z_index="18" m_a="1.116420" m_b="-0.013907" m_c="0.014339" m_d="1.151081" m_tx="5.097740" m_ty="53.043571"/>
   <element name="crack01" layername="crac" frame="0" z_index="19" m_a="1.000000" m_b="0.000000" m_c="0.000000" m_d="1.000000" m_tx="1.850000" m_ty="13.400000"/>
   <element name="fill" layername="fill" frame="1" z_index="20" m_a="1.000000" m_b="0.000000" m_c="0.000000" m_d="1.000000" m_tx="25.450001" m_ty="15.950000"/>
  </frame>
  <frame idx="500" w="501" h="513" x="7.964752" y="-93.898804">
   <element name="crack01" layername="crac" frame="1" z_index="12" m_a="1.000000" m_b="0.000000" m_c="0.000000" m_d="1.000000" m_tx="1.850000" m_ty="13.400000"/>
   <element name="fx_beam" layername="fx_beam" frame="0" z_index="13" m_a="0.463894" m_b="0.018632" m_c="-0.015452" m_d="0.384717" m_tx="8.607480" m_ty="56.699001"/>
   <element name="stack_over" layername="stack_over" frame="0" z_index="14" m_a="1.000000" m_b="0.000000" m_c="0.000000" m_d="1.000000" m_tx="5.150000" m_ty="74.099998"/>
   <element name="stack_red" layername="stack_red" frame="0" z_index="15" m_a="1.000000" m_b="0.000000" m_c="0.000000" m_d="1.000000" m_tx="5.150000" m_ty="74.099998"/>
   <element name="stack_under" layername="stack_under" frame="0" z_index="16" m_a="1.000000" m_b="0.000000" m_c="0.000000" m_d="1.000000" m_tx="5.150000" m_ty="74.099998"/>
   <element name="fx_spiral" layername="fx_spiral" frame="0" z_index="17" m_a="0.399977" m_b="0.347192" m_c="-0.291174" m_d="0.335441" m_tx="-2.444880" m_ty="25.489901"/>
   <element name="fx_beam" layername="fx_beam" frame="0" z_index="18" m_a="1.145781" m_b="-0.014273" m_c="0.014142" m_d="1.135272" m_tx="5.886270" m_ty="52.979099"/>
   <element name="crack01" layername="crac" frame="0" z_index="19" m_a="1.000000" m_b="0.000000" m_c="0.000000" m_d="1.000000" m_tx="1.850000" m_ty="13.400000"/>
   <element name="fill" layername="fill" frame="1" z_index="20" m_a="1.000000" m_b="0.000000" m_c="0.000000" m_d="1.000000" m_tx="25.450001" m_ty="15.950000"/>
  </frame>
  <frame idx="525" w="543" h="511" x="2.567459" y="-95.744202">
   <element name="crack01" layername="crac" frame="1" z_index="12" m_a="1.000000" m_b="0.000000" m_c="0.000000" m_d="1.000000" m_tx="1.850000" m_ty="13.400000"/>
   <element name="fx_beam" layername="fx_beam" frame="0" z_index="13" m_a="0.456901" m_b="0.018880" m_c="-0.016299" m_d="0.394447" m_tx="8.270752" m_ty="56.872677"/>
   <element name="stack_over" layername="stack_over" frame="0" z_index="14" m_a="1.000000" m_b="0.000000" m_c="0.000000" m_d="1.000000" m_tx="5.150000" m_ty="74.099998"/>
   <element name="stack_red" layername="stack_red" frame="0" z_index="15" m_a="1.000000" m_b="0.000000" m_c="0.000000" m_d="1.000000" m_tx="5.150000" m_ty="74.099998"/>
   <element name="stack_under" layername="stack_under" frame="0" z_index="16" m_a="1.000000" m_b="0.000000" m_c="0.000000" m_d="1.000000" m_tx="5.150000" m_ty="74.099998"/>
   <element name="fx_spiral" layername="fx_spiral" frame="0" z_index="17" m_a="0.318940" m_b="0.340855" m_c="-0.370227" m_d="0.346424" m_tx="-2.444277" m_ty="25.892694"/>
   <element name="fx_beam" layername="fx_beam" frame="0" z_index="18" m_a="1.173625" m_b="-0.014619" m_c="0.013955" m_d="1.120273" m_tx="6.634152" m_ty="52.917995"/>
   <element name="crack01" layername="crac" frame="0" z_index="19" m_a="1.000000" m_b="0.000000" m_c="0.000000" m_d="1.000000" m_tx="1.850000" m_ty="13.400000"/>
   <element name="fill" layername="fill" frame="1" z_index="20" m_a="1.000000" m_b="0.000000" m_c="0.000000" m_d="1.000000" m_tx="25.450001" m_ty="15.950000"/>
  </frame>
  <frame idx="550" w="586" h="509" x="-3.455444" y="-97.485870">
   <element name="crack01" layername="crac" frame="1" z_index="12" m_a="1.000000" m_b="0.000000" m_c="0.000000" m_d="1.000000" m_tx="1.850000" m_ty="13.400000"/>
   <element name="fx_beam" layername="fx_beam" frame="0" z_index="13" m_a="0.448933" m_b="0.019141" m_c="-0.017290" m_d="0.405530" m_tx="7.887169" m_ty="57.070572"/>
   <element name="stack_over" layername="stack_over" frame="0" z_index="14" m_a="1.000000" m_b="0.000000" m_c="0.000000" m_d="1.000000" m_tx="5.150000" m_ty="74.099998"/>
   <element name="stack_red" layername="stack_red" frame="0" z_index="15" m_a="1.000000" m_b="0.000000" m_c="0.000000" m_d="1.000000" m_tx="5.150000" m_ty="74.099998"/>
   <element name="stack_under" layername="stack_under" frame="0" z_index="16" m_a="1.000000" m_b="0.000000" m_c="0.000000" m_d="1.000000" m_tx="5.150000" m_ty="74.099998"/>
   <element name="fx_spiral" layername="fx_spiral" frame="0" z_index="17" m_a="0.237069" m_b="0.320156" m_c="-0.451613" m_d="0.334411" m_tx="-2.443609" m_ty="26.337774"/>
   <element name="fx_beam" layername="fx_beam" frame="0" z_index="18" m_a="1.199899" m_b="-0.014947" m_c="0.013778" m_d="1.106118" m_tx="7.339909" m_ty="52.860268"/>
   <element name="crack01" layername="crac" frame="0" z_index="19" m_a="1.000000" m_b="0.000000" m_c="0.000000" m_d="1.000000" m_tx="1.850000" m_ty="13.400000"/>
   <element name="fill" layername="fill" frame="1" z_index="20" m_a="1.000000" m_b="0.000000" m_c="0.000000" m_d="1.000000" m_tx="25.450001" m_ty="15.950000"/>
  </frame>
  <frame idx="575" w="627" h="508" x="-9.854492" y="-99.058472">
   <element name="crack01" layername="crac" frame="1" z_index="12" m_a="1.000000" m_b="0.000000" m_c="0.000000" m_d="1.000000" m_tx="1.850000" m_ty="13.400000"/>
   <element name="fx_beam" layername="fx_beam" frame="0" z_index="13" m_a="0.440354" m_b="0.019399" m_c="-0.018390" m_d="0.417457" m_tx="7.474274" m_ty="57.283588"/>
   <element name="stack_over" layername="stack_over" frame="0" z_index="14" m_a="1.000000" m_b="0.000000" m_c="0.000000" m_d="1.000000" m_tx="5.150000" m_ty="74.099998"/>
   <element name="stack_red" layername="stack_red" frame="0" z_index="15" m_a="1.000000" m_b="0.000000" m_c="0.000000" m_d="1.000000" m_tx="5.150000" m_ty="74.099998"/>
   <element name="stack_under" layername="stack_under" frame="0" z_index="16" m_a="1.000000" m_b="0.000000" m_c="0.000000" m_d="1.000000" m_tx="5.150000" m_ty="74.099998"/>
   <element name="fx_spiral" layername="fx_spiral" frame="0" z_index="17" m_a="0.157947" m_b="0.288893" m_c="-0.532116" m_d="0.290924" m_tx="-2.442885" m_ty="26.820673"/>
   <element name="fx_beam" layername="fx_beam" frame="0" z_index="18" m_a="1.223626" m_b="-0.015242" m_c="0.013619" m_d="1.093336" m_tx="7.977223" m_ty="52.808117"/>
   <element name="crack01" layername="crac" frame="0" z_index="19" m_a="1.000000" m_b="0.000000" m_c="0.000000" m_d="1.000000" m_tx="1.850000" m_ty="13.400000"/>
   <element name="fill" layername="fill" frame="1" z_index="20" m_a="1.000000" m_b="0.000000" m_c="0.000000" m_d="1.000000" m_tx="25.450001" m_ty="15.950000"/>
  </frame>
  <frame idx="600" w="664" h="505" x="-15.763519" y="-100.395950">
   <element name="crack01" layername="crac" frame="1" z_index="12" m_a="1.000000" m_b="0.000000" m_c="0.000000" m_d="1.000000" m_tx="1.850000" m_ty="13.400000"/>
   <element name="fx_beam" layername="fx_beam" frame="0" z_index="13" m_a="0.431644" m_b="0.019639" m_c="-0.019544" m_d="0.429563" m_tx="7.055100" m_ty="57.499802"/>
   <element name="stack_over" layername="stack_over" frame="0" z_index="14" m_a="1.000000" m_b="0.000000" m_c="0.000000" m_d="1.000000" m_tx="5.150000" m_ty="74.099998"/>
   <element name="stack_red" layername="stack_red" frame="0" z_index="15" m_a="1.000000" m_b="0.000000" m_c="0.000000" m_d="1.000000" m_tx="5.150000" m_ty="74.099998"/>
   <element name="stack_under" layername="stack_under" frame="0" z_index="16" m_a="1.000000" m_b="0.000000" m_c="0.000000" m_d="1.000000" m_tx="5.150000" m_ty="74.099998"/>
   <element name="fx_spiral" layername="fx_spiral" frame="0" z_index="17" m_a="0.085797" m_b="0.251080" m_c="-0.604002" m_d="0.206396" m_tx="-2.442120" m_ty="27.333401"/>
   <element name="fx_beam" layername="fx_beam" frame="0" z_index="18" m_a="1.243814" m_b="-0.015493" m_c="0.013483" m_d="1.082466" m_tx="8.519450" m_ty="52.763802"/>
   <element name="crack01" layername="crac" frame="0" z_index="19" m_a="1.000000" m_b="0.000000" m_c="0.000000" m_d="1.000000" m_tx="1.850000" m_ty="13.400000"/>
   <element name="fill" layername="fill" frame="1" z_index="20" m_a="1.000000" m_b="0.000000" m_c="0.000000" m_d="1.000000" m_tx="25.450001" m_ty="15.950000"/>
  </frame>
  <frame idx="625" w="686" h="505" x="-18.900208" y="-100.493759">
   <element name="crack01" layername="crac" frame="1" z_index="12" m_a="1.000000" m_b="0.000000" m_c="0.000000" m_d="1.000000" m_tx="1.850000" m_ty="13.400000"/>
   <element name="fx_beam" layername="fx_beam" frame="0" z_index="13" m_a="0.424313" m_b="0.019818" m_c="-0.020539" m_d="0.439745" m_tx="6.702482" m_ty="57.681713"/>
   <element name="stack_over" layername="stack_over" frame="0" z_index="14" m_a="1.000000" m_b="0.000000" m_c="0.000000" m_d="1.000000" m_tx="5.150000" m_ty="74.099998"/>
   <element name="stack_red" layername="stack_red" frame="0" z_index="15" m_a="1.000000" m_b="0.000000" m_c="0.000000" m_d="1.000000" m_tx="5.150000" m_ty="74.099998"/>
   <element name="stack_under" layername="stack_under" frame="0" z_index="16" m_a="1.000000" m_b="0.000000" m_c="0.000000" m_d="1.000000" m_tx="5.150000" m_ty="74.099998"/>
   <element name="fx_spiral" layername="fx_spiral" frame="0" z_index="17" m_a="0.020688" m_b="0.236822" m_c="-0.646377" m_d="0.056465" m_tx="-2.441333" m_ty="27.859209"/>
   <element name="fx_beam" layername="fx_beam" frame="0" z_index="18" m_a="1.257489" m_b="-0.015664" m_c="0.013392" m_d="1.075099" m_tx="8.886707" m_ty="52.733799"/>
   <element name="crack01" layername="crac" frame="0" z_index="19" m_a="1.000000" m_b="0.000000" m_c="0.000000" m_d="1.000000" m_tx="1.850000" m_ty="13.400000"/>
   <element name="fill" layername="fill" frame="1" z_index="20" m_a="1.000000" m_b="0.000000" m_c="0.000000" m_d="1.000000" m_tx="25.450001" m_ty="15.950000"/>
  </frame>
  <frame idx="650" w="702" h="505" x="-21.086456" y="-100.493759">
   <element name="crack01" layername="crac" frame="1" z_index="12" m_a="1.000000" m_b="0.000000" m_c="0.000000" m_d="1.000000" m_tx="1.850000" m_ty="13.400000"/>
   <element name="fx_beam" layername="fx_beam" frame="0" z_index="13" m_a="0.418206" m_b="0.019956" m_c="-0.021389" m_d="0.448245" m_tx="6.408558" m_ty="57.828316"/>
   <element name="stack_over" layername="stack_over" frame="0" z_index="14" m_a="1.000000" m_b="0.000000" m_c="0.000000" m_d="1.000000" m_tx="5.150000" m_ty="74.099998"/>
   <element name="stack_red" layername="stack_red" frame="0" z_index="15" m_a="1.000000" m_b="0.000000" m_c="0.000000" m_d="1.000000" m_tx="5.150000" m_ty="74.099998"/>
   <element name="stack_under" layername="stack_under" frame="0" z_index="16" m_a="1.000000" m_b="0.000000" m_c="0.000000" m_d="1.000000" m_tx="5.150000" m_ty="74.099998"/>
   <element name="fx_spiral" layername="fx_spiral" frame="0" z_index="17" m_a="-0.039117" m_b="0.242864" m_c="-0.637462" m_d="-0.102672" m_tx="-2.440521" m_ty="28.401810"/>
   <element name="fx_beam" layername="fx_beam" frame="0" z_index="18" m_a="1.267488" m_b="-0.015788" m_c="0.013325" m_d="1.069717" m_tx="9.155196" m_ty="52.711849"/>
   <element name="crack01" layername="crac" frame="0" z_index="19" m_a="1.000000" m_b="0.000000" m_c="0.000000" m_d="1.000000" m_tx="1.850000" m_ty="13.400000"/>
   <element name="fill" layername="fill" frame="1" z_index="20" m_a="1.000000" m_b="0.000000" m_c="0.000000" m_d="1.000000" m_tx="25.450001" m_ty="15.950000"/>
  </frame>
  <frame idx="675" w="709" h="505" x="-22.102844" y="-100.493759">
   <element name="crack01" layername="crac" frame="1" z_index="12" m_a="1.000000" m_b="0.000000" m_c="0.000000" m_d="1.000000" m_tx="1.850000" m_ty="13.400000"/>
   <element name="fx_beam" layername="fx_beam" frame="0" z_index="13" m_a="0.414047" m_b="0.019967" m_c="-0.021848" m_d="0.453053" m_tx="6.231686" m_ty="57.899422"/>
   <element name="stack_over" layername="stack_over" frame="0" z_index="14" m_a="1.000000" m_b="0.000000" m_c="0.000000" m_d="1.000000" m_tx="5.150000" m_ty="74.099998"/>
   <element name="stack_red" layername="stack_red" frame="0" z_index="15" m_a="1.000000" m_b="0.000000" m_c="0.000000" m_d="1.000000" m_tx="5.150000" m_ty="74.099998"/>
   <element name="stack_under" layername="stack_under" frame="0" z_index="16" m_a="1.000000" m_b="0.000000" m_c="0.000000" m_d="1.000000" m_tx="5.150000" m_ty="74.099998"/>
   <element name="fx_spiral" layername="fx_spiral" frame="0" z_index="17" m_a="-0.107079" m_b="0.264974" m_c="-0.582344" m_d="-0.235333" m_tx="-2.439701" m_ty="28.950510"/>
   <element name="fx_beam" layername="fx_beam" frame="0" z_index="18" m_a="1.271426" m_b="-0.015711" m_c="0.013210" m_d="1.069041" m_tx="9.231323" m_ty="52.744316"/>
   <element name="crack01" layername="crac" frame="0" z_index="19" m_a="1.000000" m_b="0.000000" m_c="0.000000" m_d="1.000000" m_tx="1.850000" m_ty="13.400000"/>
   <element name="fill" layername="fill" frame="1" z_index="20" m_a="1.000000" m_b="0.000000" m_c="0.000000" m_d="1.000000" m_tx="25.450001" m_ty="15.950000"/>
  </frame>
  <frame idx="700" w="708" h="505" x="-23.289734" y="-100.493774">
   <element name="crack01" layername="crac" frame="1" z_index="12" m_a="1.000000" m_b="0.000000" m_c="0.000000" m_d="1.000000" m_tx="1.850000" m_ty="13.400000"/>
   <element name="fx_beam" layername="fx_beam" frame="0" z_index="13" m_a="0.412568" m_b="0.019759" m_c="-0.021649" m_d="0.452021" m_tx="6.233390" m_ty="57.852299"/>
   <element name="stack_over" layername="stack_over" frame="0" z_index="14" m_a="1.000000" m_b="0.000000" m_c="0.000000" m_d="1.000000" m_tx="5.150000" m_ty="74.099998"/>
   <element name="stack_red" layername="stack_red" frame="0" z_index="15" m_a="1.000000" m_b="0.000000" m_c="0.000000" m_d="1.000000" m_tx="5.150000" m_ty="74.099998"/>
   <element name="stack_under" layername="stack_under" frame="0" z_index="16" m_a="1.000000" m_b="0.000000" m_c="0.000000" m_d="1.000000" m_tx="5.150000" m_ty="74.099998"/>
   <element name="fx_spiral" layername="fx_spiral" frame="0" z_index="17" m_a="-0.184285" m_b="0.297198" m_c="-0.506746" m_d="-0.314220" m_tx="-2.438890" m_ty="29.492100"/>
   <element name="fx_beam" layername="fx_beam" frame="0" z_index="18" m_a="1.266878" m_b="-0.015264" m_c="0.012964" m_d="1.075992" m_tx="9.016740" m_ty="52.882801"/>
   <element name="crack01" layername="crac" frame="0" z_index="19" m_a="1.000000" m_b="0.000000" m_c="0.000000" m_d="1.000000" m_tx="1.850000" m_ty="13.400000"/>
   <element name="fill" layername="fill" frame="1" z_index="20" m_a="1.000000" m_b="0.000000" m_c="0.000000" m_d="1.000000" m_tx="25.450001" m_ty="15.950000"/>
  </frame>
  <frame idx="725" w="706" h="506" x="-24.944733" y="-99.331757">
   <element name="crack01" layername="crac" frame="1" z_index="12" m_a="1.000000" m_b="0.000000" m_c="0.000000" m_d="1.000000" m_tx="1.850000" m_ty="13.400000"/>
   <element name="fx_beam" layername="fx_beam" frame="0" z_index="13" m_a="0.409540" m_b="0.019346" m_c="-0.021253" m_d="0.449908" m_tx="6.236876" m_ty="57.755756"/>
   <element name="stack_over" layername="stack_over" frame="0" z_index="14" m_a="1.000000" m_b="0.000000" m_c="0.000000" m_d="1.000000" m_tx="5.150000" m_ty="74.099998"/>
   <element name="stack_red" layername="stack_red" frame="0" z_index="15" m_a="1.000000" m_b="0.000000" m_c="0.000000" m_d="1.000000" m_tx="5.150000" m_ty="74.099998"/>
   <element name="stack_under" layername="stack_under" frame="0" z_index="16" m_a="1.000000" m_b="0.000000" m_c="0.000000" m_d="1.000000" m_tx="5.150000" m_ty="74.099998"/>
   <element name="fx_spiral" layername="fx_spiral" frame="0" z_index="17" m_a="-0.261151" m_b="0.327891" m_c="-0.428079" m_d="-0.340947" m_tx="-2.438147" m_ty="29.988203"/>
   <element name="fx_beam" layername="fx_beam" frame="0" z_index="18" m_a="1.257939" m_b="-0.014394" m_c="0.012468" m_d="1.089646" m_tx="8.595416" m_ty="53.154713"/>
   <element name="crack01" layername="crac" frame="0" z_index="19" m_a="1.000000" m_b="0.000000" m_c="0.000000" m_d="1.000000" m_tx="1.850000" m_ty="13.400000"/>
   <element name="fill" layername="fill" frame="1" z_index="20" m_a="1.000000" m_b="0.000000" m_c="0.000000" m_d="1.000000" m_tx="25.450001" m_ty="15.950000"/>
  </frame>
  <frame idx="750" w="702" h="510" x="-27.491333" y="-96.857895">
   <element name="crack01" layername="crac" frame="1" z_index="12" m_a="1.000000" m_b="0.000000" m_c="0.000000" m_d="1.000000" m_tx="1.850000" m_ty="13.400000"/>
   <element name="fx_beam" layername="fx_beam" frame="0" z_index="13" m_a="0.405319" m_b="0.018772" m_c="-0.020701" m_d="0.446963" m_tx="6.241728" m_ty="57.621220"/>
   <element name="stack_over" layername="stack_over" frame="0" z_index="14" m_a="1.000000" m_b="0.000000" m_c="0.000000" m_d="1.000000" m_tx="5.150000" m_ty="74.099998"/>
   <element name="stack_red" layername="stack_red" frame="0" z_index="15" m_a="1.000000" m_b="0.000000" m_c="0.000000" m_d="1.000000" m_tx="5.150000" m_ty="74.099998"/>
   <element name="stack_under" layername="stack_under" frame="0" z_index="16" m_a="1.000000" m_b="0.000000" m_c="0.000000" m_d="1.000000" m_tx="5.150000" m_ty="74.099998"/>
   <element name="fx_spiral" layername="fx_spiral" frame="0" z_index="17" m_a="-0.342660" m_b="0.344115" m_c="-0.345935" m_d="-0.344471" m_tx="-2.437434" m_ty="30.464012"/>
   <element name="fx_beam" layername="fx_beam" frame="0" z_index="18" m_a="1.245576" m_b="-0.013208" m_c="0.011755" m_d="1.108536" m_tx="8.012433" m_ty="53.530952"/>
   <element name="crack01" layername="crac" frame="0" z_index="19" m_a="1.000000" m_b="0.000000" m_c="0.000000" m_d="1.000000" m_tx="1.850000" m_ty="13.400000"/>
   <element name="fill" layername="fill" frame="1" z_index="20" m_a="1.000000" m_b="0.000000" m_c="0.000000" m_d="1.000000" m_tx="25.450001" m_ty="15.950000"/>
  </frame>
  <frame idx="775" w="699" h="513" x="-30.978241" y="-93.683563">
   <element name="crack01" layername="crac" frame="1" z_index="12" m_a="1.000000" m_b="0.000000" m_c="0.000000" m_d="1.000000" m_tx="1.850000" m_ty="13.400000"/>
   <element name="fx_beam" layername="fx_beam" frame="0" z_index="13" m_a="0.399932" m_b="0.018051" m_c="-0.020004" m_d="0.443205" m_tx="6.247921" m_ty="57.449554"/>
   <element name="stack_over" layername="stack_over" frame="0" z_index="14" m_a="1.000000" m_b="0.000000" m_c="0.000000" m_d="1.000000" m_tx="5.150000" m_ty="74.099998"/>
   <element name="stack_red" layername="stack_red" frame="0" z_index="15" m_a="1.000000" m_b="0.000000" m_c="0.000000" m_d="1.000000" m_tx="5.150000" m_ty="74.099998"/>
   <element name="stack_under" layername="stack_under" frame="0" z_index="16" m_a="1.000000" m_b="0.000000" m_c="0.000000" m_d="1.000000" m_tx="5.150000" m_ty="74.099998"/>
   <element name="fx_spiral" layername="fx_spiral" frame="0" z_index="17" m_a="-0.425712" m_b="0.341543" m_c="-0.263627" m_d="-0.328595" m_tx="-2.436766" m_ty="30.909691"/>
   <element name="fx_beam" layername="fx_beam" frame="0" z_index="18" m_a="1.229714" m_b="-0.011717" m_c="0.010793" m_d="1.132775" m_tx="7.264371" m_ty="54.013752"/>
   <element name="crack01" layername="crac" frame="0" z_index="19" m_a="1.000000" m_b="0.000000" m_c="0.000000" m_d="1.000000" m_tx="1.850000" m_ty="13.400000"/>
   <element name="fill" layername="fill" frame="1" z_index="20" m_a="1.000000" m_b="0.000000" m_c="0.000000" m_d="1.000000" m_tx="25.450001" m_ty="15.950000"/>
  </frame>
  <frame idx="800" w="695" h="517" x="-35.316040" y="-89.840485">
   <element name="crack01" layername="crac" frame="1" z_index="12" m_a="1.000000" m_b="0.000000" m_c="0.000000" m_d="1.000000" m_tx="1.850000" m_ty="13.400000"/>
   <element name="fx_beam" layername="fx_beam" frame="0" z_index="13" m_a="0.393492" m_b="0.017208" m_c="-0.019185" m_d="0.438711" m_tx="6.255330" m_ty="57.244400"/>
   <element name="stack_over" layername="stack_over" frame="0" z_index="14" m_a="1.000000" m_b="0.000000" m_c="0.000000" m_d="1.000000" m_tx="5.150000" m_ty="74.099998"/>
   <element name="stack_red" layername="stack_red" frame="0" z_index="15" m_a="1.000000" m_b="0.000000" m_c="0.000000" m_d="1.000000" m_tx="5.150000" m_ty="74.099998"/>
   <element name="stack_under" layername="stack_under" frame="0" z_index="16" m_a="1.000000" m_b="0.000000" m_c="0.000000" m_d="1.000000" m_tx="5.150000" m_ty="74.099998"/>
   <element name="fx_spiral" layername="fx_spiral" frame="0" z_index="17" m_a="-0.506695" m_b="0.314250" m_c="-0.184331" m_d="-0.297214" m_tx="-2.436160" m_ty="31.315599"/>
   <element name="fx_beam" layername="fx_beam" frame="0" z_index="18" m_a="1.210509" m_b="-0.009957" m_c="0.009559" m_d="1.162121" m_tx="6.358750" m_ty="54.598301"/>
   <element name="crack01" layername="crac" frame="0" z_index="19" m_a="1.000000" m_b="0.000000" m_c="0.000000" m_d="1.000000" m_tx="1.850000" m_ty="13.400000"/>
   <element name="fill" layername="fill" frame="1" z_index="20" m_a="1.000000" m_b="0.000000" m_c="0.000000" m_d="1.000000" m_tx="25.450001" m_ty="15.950000"/>
  </frame>
  <frame idx="825" w="689" h="522" x="-39.817322" y="-85.434341">
   <element name="crack01" layername="crac" frame="1" z_index="12" m_a="1.000000" m_b="0.000000" m_c="0.000000" m_d="1.000000" m_tx="1.850000" m_ty="13.400000"/>
   <element name="fx_beam" layername="fx_beam" frame="0" z_index="13" m_a="0.386596" m_b="0.016325" m_c="-0.018322" m_d="0.433897" m_tx="6.263257" m_ty="57.024693"/>
   <element name="stack_over" layername="stack_over" frame="0" z_index="14" m_a="1.000000" m_b="0.000000" m_c="0.000000" m_d="1.000000" m_tx="5.150000" m_ty="74.099998"/>
   <element name="stack_red" layername="stack_red" frame="0" z_index="15" m_a="1.000000" m_b="0.000000" m_c="0.000000" m_d="1.000000" m_tx="5.150000" m_ty="74.099998"/>
   <element name="stack_under" layername="stack_under" frame="0" z_index="16" m_a="1.000000" m_b="0.000000" m_c="0.000000" m_d="1.000000" m_tx="5.150000" m_ty="74.099998"/>
   <element name="fx_spiral" layername="fx_spiral" frame="0" z_index="17" m_a="-0.580270" m_b="0.237912" m_c="-0.109133" m_d="-0.266176" m_tx="-2.435660" m_ty="31.646776"/>
   <element name="fx_beam" layername="fx_beam" frame="0" z_index="18" m_a="1.188472" m_b="-0.008000" m_c="0.008049" m_d="1.195765" m_tx="5.320110" m_ty="55.268593"/>
   <element name="crack01" layername="crac" frame="0" z_index="19" m_a="1.000000" m_b="0.000000" m_c="0.000000" m_d="1.000000" m_tx="1.850000" m_ty="13.400000"/>
   <element name="fill" layername="fill" frame="1" z_index="20" m_a="1.000000" m_b="0.000000" m_c="0.000000" m_d="1.000000" m_tx="25.450001" m_ty="15.950000"/>
  </frame>
  <frame idx="850" w="678" h="527" x="-43.110504" y="-80.876984">
   <element name="crack01" layername="crac" frame="1" z_index="12" m_a="1.000000" m_b="0.000000" m_c="0.000000" m_d="1.000000" m_tx="1.850000" m_ty="13.400000"/>
   <element name="fx_beam" layername="fx_beam" frame="0" z_index="13" m_a="0.380027" m_b="0.015500" m_c="-0.017510" m_d="0.429312" m_tx="6.270803" m_ty="56.815514"/>
   <element name="stack_over" layername="stack_over" frame="0" z_index="14" m_a="1.000000" m_b="0.000000" m_c="0.000000" m_d="1.000000" m_tx="5.150000" m_ty="74.099998"/>
   <element name="stack_red" layername="stack_red" frame="0" z_index="15" m_a="1.000000" m_b="0.000000" m_c="0.000000" m_d="1.000000" m_tx="5.150000" m_ty="74.099998"/>
   <element name="stack_under" layername="stack_under" frame="0" z_index="16" m_a="1.000000" m_b="0.000000" m_c="0.000000" m_d="1.000000" m_tx="5.150000" m_ty="74.099998"/>
   <element name="fx_spiral" layername="fx_spiral" frame="0" z_index="17" m_a="-0.635975" m_b="0.108926" m_c="-0.041719" m_d="-0.243582" m_tx="-2.435218" m_ty="31.941273"/>
   <element name="fx_beam" layername="fx_beam" frame="0" z_index="18" m_a="1.165684" m_b="-0.006046" m_c="0.006382" m_d="1.230565" m_tx="4.245909" m_ty="55.961876"/>
   <element name="crack01" layername="crac" frame="0" z_index="19" m_a="1.000000" m_b="0.000000" m_c="0.000000" m_d="1.000000" m_tx="1.850000" m_ty="13.400000"/>
   <element name="fill" layername="fill" frame="1" z_index="20" m_a="1.000000" m_b="0.000000" m_c="0.000000" m_d="1.000000" m_tx="25.450001" m_ty="15.950000"/>
  </frame>
  <frame idx="875" w="659" h="532" x="-43.705231" y="-76.432556">
   <element name="crack01" layername="crac" frame="1" z_index="12" m_a="1.000000" m_b="0.000000" m_c="0.000000" m_d="1.000000" m_tx="1.850000" m_ty="13.400000"/>
   <element name="fx_beam" layername="fx_beam" frame="0" z_index="13" m_a="0.374236" m_b="0.014789" m_c="-0.016806" m_d="0.425269" m_tx="6.277456" m_ty="56.631142"/>
   <element name="stack_over" layername="stack_over" frame="0" z_index="14" m_a="1.000000" m_b="0.000000" m_c="0.000000" m_d="1.000000" m_tx="5.150000" m_ty="74.099998"/>
   <element name="stack_red" layername="stack_red" frame="0" z_index="15" m_a="1.000000" m_b="0.000000" m_c="0.000000" m_d="1.000000" m_tx="5.150000" m_ty="74.099998"/>
   <element name="stack_under" layername="stack_under" frame="0" z_index="16" m_a="1.000000" m_b="0.000000" m_c="0.000000" m_d="1.000000" m_tx="5.150000" m_ty="74.099998"/>
   <element name="fx_spiral" layername="fx_spiral" frame="0" z_index="17" m_a="-0.647080" m_b="-0.051788" m_c="0.018898" m_d="-0.236127" m_tx="-2.434841" m_ty="32.193924"/>
   <element name="fx_beam" layername="fx_beam" frame="0" z_index="18" m_a="1.143459" m_b="-0.004208" m_c="0.004653" m_d="1.264502" m_tx="3.198371" m_ty="56.637955"/>
   <element name="crack01" layername="crac" frame="0" z_index="19" m_a="1.000000" m_b="0.000000" m_c="0.000000" m_d="1.000000" m_tx="1.850000" m_ty="13.400000"/>
   <element name="fill" layername="fill" frame="1" z_index="20" m_a="1.000000" m_b="0.000000" m_c="0.000000" m_d="1.000000" m_tx="25.450001" m_ty="15.950000"/>
  </frame>
  <frame idx="900" w="635" h="536" x="-42.150360" y="-72.408844">
   <element name="crack01" layername="crac" frame="1" z_index="12" m_a="1.000000" m_b="0.000000" m_c="0.000000" m_d="1.000000" m_tx="1.850000" m_ty="13.400000"/>
   <element name="fx_beam" layername="fx_beam" frame="0" z_index="13" m_a="0.369706" m_b="0.014248" m_c="-0.016267" m_d="0.422106" m_tx="6.282660" m_ty="56.486900"/>
   <element name="stack_over" layername="stack_over" frame="0" z_index="14" m_a="1.000000" m_b="0.000000" m_c="0.000000" m_d="1.000000" m_tx="5.150000" m_ty="74.099998"/>
   <element name="stack_red" layername="stack_red" frame="0" z_index="15" m_a="1.000000" m_b="0.000000" m_c="0.000000" m_d="1.000000" m_tx="5.150000" m_ty="74.099998"/>
   <element name="stack_under" layername="stack_under" frame="0" z_index="16" m_a="1.000000" m_b="0.000000" m_c="0.000000" m_d="1.000000" m_tx="5.150000" m_ty="74.099998"/>
   <element name="fx_spiral" layername="fx_spiral" frame="0" z_index="17" m_a="-0.603992" m_b="-0.206392" m_c="0.085795" m_d="-0.251074" m_tx="-2.434530" m_ty="32.401501"/>
   <element name="fx_beam" layername="fx_beam" frame="0" z_index="18" m_a="1.123327" m_b="-0.002602" m_c="0.003000" m_d="1.295227" m_tx="2.250000" m_ty="57.250000"/>
   <element name="crack01" layername="crac" frame="0" z_index="19" m_a="1.000000" m_b="0.000000" m_c="0.000000" m_d="1.000000" m_tx="1.850000" m_ty="13.400000"/>
   <element name="fill" layername="fill" frame="1" z_index="20" m_a="1.000000" m_b="0.000000" m_c="0.000000" m_d="1.000000" m_tx="25.450001" m_ty="15.950000"/>
  </frame>
 </anim>
 <anim name="open_1" root="nightmare_crack_upper_tomb" numframes="400" framerate="40">
  <frame idx="0" w="412" h="51" x="-0.274918" y="18.199986">
   <element name="crack" layername="crack" frame="0" z_index="20" m_a="1.000000" m_b="0.000000" m_c="0.000000" m_d="1.000000" m_tx="22.750000" m_ty="16.750000"/>
  </frame>
  <frame idx="25" w="413" h="51" x="5.379837" y="18.199986">
   <element name="crack" layername="crack" frame="0" z_index="20" m_a="1.018493" m_b="0.000000" m_c="0.000000" m_d="1.000000" m_tx="24.955883" m_ty="16.750000"/>
  </frame>
  <frame idx="50" w="416" h="51" x="0.292908" y="18.199986">
   <element name="crack" layername="crack" frame="0" z_index="20" m_a="1.012956" m_b="0.000000" m_c="0.000000" m_d="1.000000" m_tx="20.901516" m_ty="16.750000"/>
  </frame>
  <frame idx="75" w="420" h="51" x="-0.953674" y="18.199986">
   <element name="crack" layername="crack" frame="0" z_index="20" m_a="1.018296" m_b="0.000000" m_c="0.000000" m_d="1.000000" m_tx="18.659092" m_ty="16.750000"/>
  </frame>
  <frame idx="100" w="422" h="51" x="18.800232" y="18.199986">
   <element name="crack" layername="crack" frame="0" z_index="20" m_a="1.075470" m_b="0.000000" m_c="0.000000" m_d="1.000000" m_tx="27.750000" m_ty="16.750000"/>
  </frame>
  <frame idx="125" w="423" h="51" x="7.039871" y="18.199986">
   <element name="crack" layername="crack" frame="0" z_index="20" m_a="1.047698" m_b="0.000000" m_c="0.000000" m_d="1.000000" m_tx="21.169117" m_ty="16.750000"/>
  </frame>
  <frame idx="150" w="426" h="51" x="7.979889" y="18.029478">
   <element name="crack" layername="crack" frame="0" z_index="20" m_a="1.055648" m_b="0.022899" m_c="-0.018681" m_d="0.861213" m_tx="21.224241" m_ty="16.750000"/>
  </frame>
  <frame idx="175" w="344" h="44" x="-96.995651" y="10.697721">
   <element name="crack" layername="crack" frame="0" z_index="20" m_a="0.571654" m_b="0.024360" m_c="-0.027696" m_d="0.649942" m_tx="6.802038" m_ty="15.906448"/>
  </frame>
  <frame idx="200" w="970" h="77" x="-474.889557" y="-16.543650">
   <element name="crack" layername="crack" frame="1" z_index="19" m_a="-0.999236" m_b="-0.035872" m_c="-0.016204" m_d="0.451370" m_tx="-70.807793" m_ty="12.326527"/>
   <element name="fill" layername="fill" frame="0" z_index="20" m_a="-0.999236" m_b="-0.035872" m_c="-0.016204" m_d="0.451370" m_tx="-57.849998" m_ty="12.350000"/>
  </frame>
  <frame idx="225" w="326" h="59" x="-156.331940" y="1.067194">
   <element name="crack" layername="crack" frame="1" z_index="19" m_a="0.367572" m_b="0.003492" m_c="-0.005717" m_d="0.601876" m_tx="2.445714" m_ty="15.950671"/>
   <element name="fill" layername="fill" frame="0" z_index="20" m_a="0.367572" m_b="0.003492" m_c="-0.005717" m_d="0.601876" m_tx="-2.298527" m_ty="15.254412"/>
  </frame>
  <frame idx="250" w="410" h="62" x="-20.623901" y="7.868782">
   <element name="crack" layername="crack" frame="1" z_index="19" m_a="0.927816" m_b="0.000000" m_c="0.000000" m_d="0.723832" m_tx="32.019032" m_ty="18.107094"/>
   <element name="fill" layername="fill" frame="0" z_index="20" m_a="0.927816" m_b="0.000000" m_c="0.000000" m_d="0.723832" m_tx="20.003031" m_ty="17.366667"/>
  </frame>
  <frame idx="275" w="415" h="63" x="-8.732956" y="10.880220">
   <element name="crack" layername="crack" frame="1" z_index="19" m_a="0.972826" m_b="0.000000" m_c="0.000000" m_d="0.778672" m_tx="35.402981" m_ty="18.733000"/>
   <element name="fill" layername="fill" frame="0" z_index="20" m_a="0.972826" m_b="0.000000" m_c="0.000000" m_d="0.778672" m_tx="22.789394" m_ty="17.954546"/>
  </frame>
  <frame idx="300" w="398" h="63" x="-24.824829" y="6.745558">
   <element name="crack" layername="crack" frame="1" z_index="19" m_a="0.887909" m_b="0.000000" m_c="0.000000" m_d="0.724792" m_tx="35.360497" m_ty="16.942131"/>
   <element name="fill" layername="fill" frame="0" z_index="20" m_a="0.887909" m_b="0.000000" m_c="0.000000" m_d="0.724792" m_tx="23.850000" m_ty="16.250000"/>
  </frame>
  <frame idx="325" w="410" h="68" x="-20.694351" y="11.166702">
   <element name="crack" layername="crack" frame="1" z_index="19" m_a="0.929107" m_b="0.000000" m_c="0.000000" m_d="0.825971" m_tx="31.704462" m_ty="16.961971"/>
   <element name="fill" layername="fill" frame="0" z_index="20" m_a="0.929107" m_b="0.000000" m_c="0.000000" m_d="0.825971" m_tx="19.658823" m_ty="16.139706"/>
  </frame>
  <frame idx="350" w="415" h="77" x="-5.538086" y="20.241535">
   <element name="crack" layername="crack" frame="1" z_index="19" m_a="0.980167" m_b="0.000000" m_c="0.000000" m_d="1.034762" m_tx="37.210411" m_ty="16.954430"/>
   <element name="fill" layername="fill" frame="0" z_index="20" m_a="0.980167" m_b="0.000000" m_c="0.000000" m_d="1.062097" m_tx="24.501514" m_ty="16.027273"/>
  </frame>
  <frame idx="375" w="415" h="86" x="8.985519" y="28.192457">
   <element name="crack" layername="crack" frame="1" z_index="19" m_a="1.018660" m_b="0.000000" m_c="0.000000" m_d="1.217900" m_tx="44.458916" m_ty="16.938829"/>
   <element name="fill" layername="fill" frame="0" z_index="20" m_a="1.018660" m_b="0.000000" m_c="0.000000" m_d="1.274280" m_tx="31.250000" m_ty="15.950000"/>
  </frame>
 </anim>
 <anim name="open_2" root="nightmare_crack_upper_tomb" numframes="400" framerate="40">
  <frame idx="0" w="442" h="79" x="-22.250137" y="16.524975">
   <element name="crack" layername="crack" frame="1" z_index="19" m_a="1.000000" m_b="0.000000" m_c="0.000000" m_d="1.000000" m_tx="16.750000" m_ty="14.750000"/>
   <element name="fill" layername="fill" frame="0" z_index="20" m_a="1.000000" m_b="0.000000" m_c="0.000000" m_d="1.000000" m_tx="19.450001" m_ty="13.950000"/>
  </frame>
  <frame idx="25" w="433" h="81" x="-13.330734" y="18.588081">
   <element name="crack" layername="crack" frame="1" z_index="19" m_a="1.002647" m_b="0.000000" m_c="0.000000" m_d="1.049963" m_tx="25.169117" m_ty="14.639707"/>
   <element name="fill" layername="fill" frame="0" z_index="20" m_a="1.002647" m_b="0.000000" m_c="0.000000" m_d="1.049963" m_tx="27.905884" m_ty="13.839706"/>
  </frame>
  <frame idx="50" w="434" h="80" x="-14.536835" y="18.789133">
   <element name="crack" layername="crack" frame="1" z_index="19" m_a="1.002291" m_b="0.000000" m_c="0.000000" m_d="1.043237" m_tx="24.030304" m_ty="15.133333"/>
   <element name="fill" layername="fill" frame="0" z_index="20" m_a="1.002291" m_b="0.000000" m_c="0.000000" m_d="1.043237" m_tx="26.780304" m_ty="14.333333"/>
  </frame>
  <frame idx="75" w="437" h="79" x="-17.753632" y="19.044672">
   <element name="crack" layername="crack" frame="1" z_index="19" m_a="1.001336" m_b="0.000000" m_c="0.000000" m_d="1.025218" m_tx="20.993940" m_ty="16.172728"/>
   <element name="fill" layername="fill" frame="0" z_index="20" m_a="1.001336" m_b="0.000000" m_c="0.000000" m_d="1.025218" m_tx="23.743940" m_ty="15.372727"/>
  </frame>
  <frame idx="100" w="433" h="77" x="-13.139832" y="21.641733">
   <element name="crack" layername="crack" frame="1" z_index="19" m_a="1.002700" m_b="0.000000" m_c="0.000000" m_d="1.050960" m_tx="25.350000" m_ty="17.650000"/>
   <element name="fill" layername="fill" frame="0" z_index="20" m_a="1.002700" m_b="0.000000" m_c="0.000000" m_d="1.050960" m_tx="28.100000" m_ty="16.850000"/>
  </frame>
  <frame idx="125" w="435" h="77" x="-15.360504" y="20.399775">
   <element name="crack" layername="crack" frame="1" z_index="19" m_a="1.002038" m_b="0.000000" m_c="0.000000" m_d="1.038467" m_tx="23.254412" m_ty="16.951471"/>
   <element name="fill" layername="fill" frame="0" z_index="20" m_a="1.002038" m_b="0.000000" m_c="0.000000" m_d="1.038467" m_tx="25.967648" m_ty="16.114706"/>
  </frame>
  <frame idx="150" w="429" h="79" x="-10.773132" y="21.463821">
   <element name="crack" layername="crack" frame="1" z_index="19" m_a="1.003109" m_b="0.000000" m_c="0.000000" m_d="1.058678" m_tx="27.639393" m_ty="17.136364"/>
   <element name="fill" layername="fill" frame="0" z_index="20" m_a="1.003109" m_b="0.000000" m_c="0.000000" m_d="1.058678" m_tx="30.363636" m_ty="16.286364"/>
  </frame>
  <frame idx="175" w="424" h="79" x="-4.802338" y="23.963642">
   <element name="crack" layername="crack" frame="1" z_index="19" m_a="1.004718" m_b="0.000000" m_c="0.000000" m_d="1.089046" m_tx="33.306061" m_ty="18.315151"/>
   <element name="fill" layername="fill" frame="0" z_index="20" m_a="1.004718" m_b="0.000000" m_c="0.000000" m_d="1.089046" m_tx="36.056061" m_ty="17.465151"/>
  </frame>
  <frame idx="200" w="424" h="77" x="-4.029556" y="26.758060">
   <element name="crack" layername="crack" frame="1" z_index="19" m_a="1.005400" m_b="0.000000" m_c="0.000000" m_d="1.101910" m_tx="33.950001" m_ty="20.549999"/>
   <element name="fill" layername="fill" frame="0" z_index="20" m_a="1.005400" m_b="0.000000" m_c="0.000000" m_d="1.101910" m_tx="36.700001" m_ty="19.700001"/>
  </frame>
  <frame idx="225" w="455" h="61" x="-40.055710" y="16.176670">
   <element name="crack" layername="crack" frame="1" z_index="19" m_a="0.986249" m_b="0.000000" m_c="0.000000" m_d="0.806958" m_tx="1.543315" m_ty="22.799030"/>
   <element name="fill" layername="fill" frame="0" z_index="20" m_a="0.986249" m_b="0.000000" m_c="0.000000" m_d="0.806958" m_tx="2.548252" m_ty="22.219868"/>
  </frame>
  <frame idx="250" w="521" h="95" x="-33.237289" y="7.783409">
   <element name="crack" layername="crack" frame="2" z_index="19" m_a="0.985370" m_b="0.000000" m_c="0.000000" m_d="0.787822" m_tx="-9.049717" m_ty="23.757948"/>
   <element name="fill" layername="fill" frame="1" z_index="20" m_a="0.985370" m_b="0.000000" m_c="0.000000" m_d="0.787822" m_tx="-9.273285" m_ty="23.047432"/>
  </frame>
  <frame idx="275" w="520" h="101" x="-29.655716" y="11.185802">
   <element name="crack" layername="crack" frame="2" z_index="19" m_a="0.989755" m_b="0.000000" m_c="0.000000" m_d="0.851294" m_tx="-6.446119" m_ty="23.383766"/>
   <element name="fill" layername="fill" frame="1" z_index="20" m_a="0.989755" m_b="0.000000" m_c="0.000000" m_d="0.851294" m_tx="-6.694599" m_ty="22.657129"/>
  </frame>
  <frame idx="300" w="526" h="94" x="-38.433502" y="6.251640">
   <element name="crack" layername="crack" frame="2" z_index="19" m_a="0.983490" m_b="0.000000" m_c="0.000000" m_d="0.760620" m_tx="-13.826797" m_ty="23.844719"/>
   <element name="fill" layername="fill" frame="1" z_index="20" m_a="0.983490" m_b="0.000000" m_c="0.000000" m_d="0.760620" m_tx="-14.094888" m_ty="23.233101"/>
  </frame>
  <frame idx="325" w="509" h="103" x="-19.059174" y="13.398445">
   <element name="crack" layername="crack" frame="2" z_index="19" m_a="0.992589" m_b="0.000000" m_c="0.000000" m_d="0.892631" m_tx="3.518421" m_ty="23.136864"/>
   <element name="fill" layername="fill" frame="1" z_index="20" m_a="0.992589" m_b="0.000000" m_c="0.000000" m_d="0.892631" m_tx="3.260563" m_ty="22.376173"/>
  </frame>
  <frame idx="350" w="514" h="103" x="-24.487183" y="12.837669">
   <element name="crack" layername="crack" frame="2" z_index="19" m_a="0.991870" m_b="0.000000" m_c="0.000000" m_d="0.882124" m_tx="-1.749180" m_ty="23.201286"/>
   <element name="fill" layername="fill" frame="1" z_index="20" m_a="0.991870" m_b="0.000000" m_c="0.000000" m_d="0.882124" m_tx="-1.967463" m_ty="22.436302"/>
  </frame>
  <frame idx="375" w="527" h="98" x="-37.665146" y="9.508190">
   <element name="crack" layername="crack" frame="2" z_index="19" m_a="0.987625" m_b="0.000000" m_c="0.000000" m_d="0.820465" m_tx="-13.980550" m_ty="23.540489"/>
   <element name="fill" layername="fill" frame="1" z_index="20" m_a="0.987625" m_b="0.000000" m_c="0.000000" m_d="0.820465" m_tx="-14.160698" m_ty="22.827961"/>
  </frame>
 </anim>
</Anims>
